CREATE TABLE prodavnica(
	id_prodavnica INT NOT NULL,
	mesto VARCHAR(10) NOT NULL,
	adresa VARCHAR(50) NOT NULL,
	velicina FLOAT NOT NULL,
	PRIMARY KEY (id_prodavnica, mesto)
) PARTITION BY LIST (mesto);



CREATE TABLE prodavnica_nis PARTITION OF prodavnica FOR VALUES IN ('Nis');

CREATE TABLE prodavnica_beograd PARTITION OF prodavnica FOR VALUES IN ('Beograd');

CREATE TABLE prodavnica_kragujevac PARTITION OF prodavnica FOR VALUES IN ('Kragujevac');

CREATE TABLE prodavnica_cacak PARTITION OF prodavnica FOR VALUES IN ('Cacak');

CREATE TABLE prodavnica_leskovac PARTITION OF prodavnica FOR VALUES IN ('Leskovac');

CREATE TABLE prodavnica_subotica PARTITION OF prodavnica FOR VALUES IN ('Subotica');

CREATE TABLE prodavnica_novi_sad PARTITION OF prodavnica FOR VALUES IN ('Novi Sad');



insert into prodavnica (id_prodavnica, mesto, adresa, velicina) values (1, 'Novi Sad', '87 Lien Terrace', 273.9);
insert into prodavnica (id_prodavnica, mesto, adresa, velicina) values (2, 'Subotica', '2237 Merrick Street', 832.09);
insert into prodavnica (id_prodavnica, mesto, adresa, velicina) values (3, 'Beograd', '7 Bartelt Place', 437.32);
insert into prodavnica (id_prodavnica, mesto, adresa, velicina) values (4, 'Novi Sad', '501 Judy Terrace', 526.13);
insert into prodavnica (id_prodavnica, mesto, adresa, velicina) values (5, 'Beograd', '45985 Vahlen Way', 648.68);
insert into prodavnica (id_prodavnica, mesto, adresa, velicina) values (6, 'Beograd', '312 Oriole Park', 914.71);
insert into prodavnica (id_prodavnica, mesto, adresa, velicina) values (7, 'Novi Sad', '93374 Londonderry Hill', 459.0);
insert into prodavnica (id_prodavnica, mesto, adresa, velicina) values (8, 'Novi Sad', '8585 Oxford Circle', 460.43);
insert into prodavnica (id_prodavnica, mesto, adresa, velicina) values (9, 'Beograd', '55 Luster Junction', 630.09);
insert into prodavnica (id_prodavnica, mesto, adresa, velicina) values (10, 'Nis', '26 Butterfield Park', 631.03);
insert into prodavnica (id_prodavnica, mesto, adresa, velicina) values (11, 'Leskovac', '66720 Oak Point', 764.16);
insert into prodavnica (id_prodavnica, mesto, adresa, velicina) values (12, 'Cacak', '792 Duke Parkway', 470.99);
insert into prodavnica (id_prodavnica, mesto, adresa, velicina) values (13, 'Cacak', '189 Fisk Way', 459.1);
insert into prodavnica (id_prodavnica, mesto, adresa, velicina) values (14, 'Kragujevac', '4 Division Terrace', 423.39);
insert into prodavnica (id_prodavnica, mesto, adresa, velicina) values (15, 'Kragujevac', '59527 Myrtle Road', 891.33);
insert into prodavnica (id_prodavnica, mesto, adresa, velicina) values (16, 'Subotica', '5269 Sherman Parkway', 823.94);
insert into prodavnica (id_prodavnica, mesto, adresa, velicina) values (17, 'Kragujevac', '4 Vera Point', 630.06);
insert into prodavnica (id_prodavnica, mesto, adresa, velicina) values (18, 'Cacak', '01010 Johnson Parkway', 588.2);
insert into prodavnica (id_prodavnica, mesto, adresa, velicina) values (19, 'Nis', '497 Claremont Hill', 753.81);
insert into prodavnica (id_prodavnica, mesto, adresa, velicina) values (20, 'Cacak', '2287 Mandrake Court', 384.96);
insert into prodavnica (id_prodavnica, mesto, adresa, velicina) values (21, 'Cacak', '088 Union Center', 135.52);
insert into prodavnica (id_prodavnica, mesto, adresa, velicina) values (22, 'Kragujevac', '74 Spenser Hill', 302.08);
insert into prodavnica (id_prodavnica, mesto, adresa, velicina) values (23, 'Kragujevac', '9 Heffernan Junction', 120.92);
insert into prodavnica (id_prodavnica, mesto, adresa, velicina) values (24, 'Beograd', '2 Hanover Center', 699.93);
insert into prodavnica (id_prodavnica, mesto, adresa, velicina) values (25, 'Cacak', '87798 Summerview Lane', 112.5);
insert into prodavnica (id_prodavnica, mesto, adresa, velicina) values (26, 'Cacak', '73 Vidon Terrace', 388.14);
insert into prodavnica (id_prodavnica, mesto, adresa, velicina) values (27, 'Novi Sad', '19615 Hoard Terrace', 369.0);
insert into prodavnica (id_prodavnica, mesto, adresa, velicina) values (28, 'Novi Sad', '94 Twin Pines Crossing', 811.85);
insert into prodavnica (id_prodavnica, mesto, adresa, velicina) values (29, 'Beograd', '13485 Maple Wood Place', 680.84);
insert into prodavnica (id_prodavnica, mesto, adresa, velicina) values (30, 'Leskovac', '0258 Everett Center', 315.51);
insert into prodavnica (id_prodavnica, mesto, adresa, velicina) values (31, 'Novi Sad', '25 Farmco Circle', 973.78);
insert into prodavnica (id_prodavnica, mesto, adresa, velicina) values (32, 'Leskovac', '56640 Westport Street', 365.92);
insert into prodavnica (id_prodavnica, mesto, adresa, velicina) values (33, 'Kragujevac', '32 Arizona Center', 689.42);
insert into prodavnica (id_prodavnica, mesto, adresa, velicina) values (34, 'Leskovac', '845 Lake View Lane', 390.23);
insert into prodavnica (id_prodavnica, mesto, adresa, velicina) values (35, 'Kragujevac', '990 Hovde Crossing', 708.32);
insert into prodavnica (id_prodavnica, mesto, adresa, velicina) values (36, 'Leskovac', '83583 Merchant Point', 643.32);
insert into prodavnica (id_prodavnica, mesto, adresa, velicina) values (37, 'Novi Sad', '878 Thompson Plaza', 622.23);
insert into prodavnica (id_prodavnica, mesto, adresa, velicina) values (38, 'Novi Sad', '8771 Northwestern Pass', 366.31);
insert into prodavnica (id_prodavnica, mesto, adresa, velicina) values (39, 'Subotica', '1 Forest Run Street', 345.59);
insert into prodavnica (id_prodavnica, mesto, adresa, velicina) values (40, 'Beograd', '68 John Wall Road', 635.24);
insert into prodavnica (id_prodavnica, mesto, adresa, velicina) values (41, 'Kragujevac', '067 Darwin Pass', 600.98);
insert into prodavnica (id_prodavnica, mesto, adresa, velicina) values (42, 'Cacak', '1878 Del Mar Point', 725.74);
insert into prodavnica (id_prodavnica, mesto, adresa, velicina) values (43, 'Novi Sad', '248 Lindbergh Place', 812.69);
insert into prodavnica (id_prodavnica, mesto, adresa, velicina) values (44, 'Novi Sad', '75 Cambridge Hill', 665.27);
insert into prodavnica (id_prodavnica, mesto, adresa, velicina) values (45, 'Nis', '95 Monument Hill', 377.17);
insert into prodavnica (id_prodavnica, mesto, adresa, velicina) values (46, 'Kragujevac', '483 Manufacturers Lane', 151.22);
insert into prodavnica (id_prodavnica, mesto, adresa, velicina) values (47, 'Novi Sad', '97 Transport Street', 716.67);
insert into prodavnica (id_prodavnica, mesto, adresa, velicina) values (48, 'Kragujevac', '36753 Dovetail Plaza', 631.7);
insert into prodavnica (id_prodavnica, mesto, adresa, velicina) values (49, 'Leskovac', '70 Roxbury Lane', 234.38);
insert into prodavnica (id_prodavnica, mesto, adresa, velicina) values (50, 'Leskovac', '9 Crescent Oaks Road', 93.45);
insert into prodavnica (id_prodavnica, mesto, adresa, velicina) values (51, 'Nis', '75 Eagan Drive', 406.01);
insert into prodavnica (id_prodavnica, mesto, adresa, velicina) values (52, 'Subotica', '071 Southridge Circle', 562.39);
insert into prodavnica (id_prodavnica, mesto, adresa, velicina) values (53, 'Subotica', '81 Parkside Road', 213.23);
insert into prodavnica (id_prodavnica, mesto, adresa, velicina) values (54, 'Novi Sad', '739 Golf Course Point', 638.6);
insert into prodavnica (id_prodavnica, mesto, adresa, velicina) values (55, 'Nis', '28068 Anthes Point', 66.98);
insert into prodavnica (id_prodavnica, mesto, adresa, velicina) values (56, 'Cacak', '22032 Fallview Junction', 668.38);
insert into prodavnica (id_prodavnica, mesto, adresa, velicina) values (57, 'Nis', '539 Washington Junction', 690.8);
insert into prodavnica (id_prodavnica, mesto, adresa, velicina) values (58, 'Kragujevac', '1 Burrows Pass', 602.02);
insert into prodavnica (id_prodavnica, mesto, adresa, velicina) values (59, 'Subotica', '316 Crownhardt Plaza', 267.91);
insert into prodavnica (id_prodavnica, mesto, adresa, velicina) values (60, 'Subotica', '657 Donald Plaza', 198.43);
insert into prodavnica (id_prodavnica, mesto, adresa, velicina) values (61, 'Novi Sad', '0 Orin Parkway', 367.87);
insert into prodavnica (id_prodavnica, mesto, adresa, velicina) values (62, 'Kragujevac', '536 John Wall Park', 983.41);
insert into prodavnica (id_prodavnica, mesto, adresa, velicina) values (63, 'Subotica', '2033 Clarendon Avenue', 306.34);
insert into prodavnica (id_prodavnica, mesto, adresa, velicina) values (64, 'Leskovac', '893 Dakota Road', 560.17);
insert into prodavnica (id_prodavnica, mesto, adresa, velicina) values (65, 'Novi Sad', '781 Fallview Center', 329.2);
insert into prodavnica (id_prodavnica, mesto, adresa, velicina) values (66, 'Subotica', '46 Mandrake Park', 884.21);
insert into prodavnica (id_prodavnica, mesto, adresa, velicina) values (67, 'Leskovac', '6865 Utah Street', 701.48);
insert into prodavnica (id_prodavnica, mesto, adresa, velicina) values (68, 'Subotica', '51883 Tennyson Parkway', 299.64);
insert into prodavnica (id_prodavnica, mesto, adresa, velicina) values (69, 'Subotica', '62307 Hauk Road', 194.22);
insert into prodavnica (id_prodavnica, mesto, adresa, velicina) values (70, 'Kragujevac', '38 Dahle Center', 127.6);
insert into prodavnica (id_prodavnica, mesto, adresa, velicina) values (71, 'Cacak', '445 Muir Hill', 574.87);
insert into prodavnica (id_prodavnica, mesto, adresa, velicina) values (72, 'Beograd', '109 Mosinee Court', 465.15);
insert into prodavnica (id_prodavnica, mesto, adresa, velicina) values (73, 'Cacak', '1021 Blaine Alley', 207.88);
insert into prodavnica (id_prodavnica, mesto, adresa, velicina) values (74, 'Nis', '28 Memorial Park', 824.03);
insert into prodavnica (id_prodavnica, mesto, adresa, velicina) values (75, 'Kragujevac', '6 Fieldstone Way', 192.26);
insert into prodavnica (id_prodavnica, mesto, adresa, velicina) values (76, 'Cacak', '55953 Tony Plaza', 429.66);
insert into prodavnica (id_prodavnica, mesto, adresa, velicina) values (77, 'Kragujevac', '67 Bultman Plaza', 131.87);
insert into prodavnica (id_prodavnica, mesto, adresa, velicina) values (78, 'Nis', '3914 Fair Oaks Drive', 993.98);
insert into prodavnica (id_prodavnica, mesto, adresa, velicina) values (79, 'Novi Sad', '19 Victoria Alley', 368.42);
insert into prodavnica (id_prodavnica, mesto, adresa, velicina) values (80, 'Novi Sad', '32 Saint Paul Trail', 300.61);
insert into prodavnica (id_prodavnica, mesto, adresa, velicina) values (81, 'Kragujevac', '9 Sunfield Lane', 545.87);
insert into prodavnica (id_prodavnica, mesto, adresa, velicina) values (82, 'Nis', '64629 Dawn Place', 123.66);
insert into prodavnica (id_prodavnica, mesto, adresa, velicina) values (83, 'Beograd', '025 Carey Terrace', 425.42);
insert into prodavnica (id_prodavnica, mesto, adresa, velicina) values (84, 'Nis', '455 Donald Crossing', 89.42);
insert into prodavnica (id_prodavnica, mesto, adresa, velicina) values (85, 'Nis', '673 David Road', 385.51);
insert into prodavnica (id_prodavnica, mesto, adresa, velicina) values (86, 'Beograd', '5 Fordem Way', 368.7);
insert into prodavnica (id_prodavnica, mesto, adresa, velicina) values (87, 'Cacak', '6 Fisk Street', 674.33);
insert into prodavnica (id_prodavnica, mesto, adresa, velicina) values (88, 'Cacak', '9091 Arrowood Avenue', 664.94);
insert into prodavnica (id_prodavnica, mesto, adresa, velicina) values (89, 'Subotica', '8655 Menomonie Lane', 209.19);
insert into prodavnica (id_prodavnica, mesto, adresa, velicina) values (90, 'Novi Sad', '42 Sunnyside Center', 434.18);
insert into prodavnica (id_prodavnica, mesto, adresa, velicina) values (91, 'Beograd', '716 1st Center', 548.25);
insert into prodavnica (id_prodavnica, mesto, adresa, velicina) values (92, 'Cacak', '80309 Talmadge Avenue', 306.02);
insert into prodavnica (id_prodavnica, mesto, adresa, velicina) values (93, 'Nis', '537 Graceland Alley', 514.2);
insert into prodavnica (id_prodavnica, mesto, adresa, velicina) values (94, 'Kragujevac', '6844 Stephen Place', 974.62);
insert into prodavnica (id_prodavnica, mesto, adresa, velicina) values (95, 'Cacak', '06 Randy Drive', 945.8);
insert into prodavnica (id_prodavnica, mesto, adresa, velicina) values (96, 'Novi Sad', '7 Hansons Place', 579.46);
insert into prodavnica (id_prodavnica, mesto, adresa, velicina) values (97, 'Nis', '66 Ridgeview Point', 387.23);
insert into prodavnica (id_prodavnica, mesto, adresa, velicina) values (98, 'Beograd', '9021 Heath Alley', 260.6);
insert into prodavnica (id_prodavnica, mesto, adresa, velicina) values (99, 'Novi Sad', '74 Dexter Crossing', 380.48);
insert into prodavnica (id_prodavnica, mesto, adresa, velicina) values (100, 'Subotica', '47 Paget Point', 662.92);
insert into prodavnica (id_prodavnica, mesto, adresa, velicina) values (101, 'Subotica', '46 Lotheville Park', 325.27);
insert into prodavnica (id_prodavnica, mesto, adresa, velicina) values (102, 'Kragujevac', '19 Bowman Drive', 195.57);
insert into prodavnica (id_prodavnica, mesto, adresa, velicina) values (103, 'Subotica', '62 Straubel Terrace', 776.62);
insert into prodavnica (id_prodavnica, mesto, adresa, velicina) values (104, 'Leskovac', '6 Lake View Road', 299.84);
insert into prodavnica (id_prodavnica, mesto, adresa, velicina) values (105, 'Leskovac', '0 Stephen Hill', 526.57);
insert into prodavnica (id_prodavnica, mesto, adresa, velicina) values (106, 'Leskovac', '57 Hagan Avenue', 286.5);
insert into prodavnica (id_prodavnica, mesto, adresa, velicina) values (107, 'Leskovac', '71 Fairfield Street', 700.71);
insert into prodavnica (id_prodavnica, mesto, adresa, velicina) values (108, 'Beograd', '9 Hanover Terrace', 729.42);
insert into prodavnica (id_prodavnica, mesto, adresa, velicina) values (109, 'Novi Sad', '63 Trailsway Terrace', 148.95);
insert into prodavnica (id_prodavnica, mesto, adresa, velicina) values (110, 'Kragujevac', '72655 Merry Court', 442.2);
insert into prodavnica (id_prodavnica, mesto, adresa, velicina) values (111, 'Subotica', '90 Park Meadow Terrace', 627.39);
insert into prodavnica (id_prodavnica, mesto, adresa, velicina) values (112, 'Beograd', '21 Eastlawn Parkway', 613.7);
insert into prodavnica (id_prodavnica, mesto, adresa, velicina) values (113, 'Leskovac', '370 Crowley Street', 262.41);
insert into prodavnica (id_prodavnica, mesto, adresa, velicina) values (114, 'Nis', '2151 West Drive', 324.26);
insert into prodavnica (id_prodavnica, mesto, adresa, velicina) values (115, 'Nis', '9169 Grim Circle', 335.94);
insert into prodavnica (id_prodavnica, mesto, adresa, velicina) values (116, 'Kragujevac', '49978 Lotheville Way', 972.12);
insert into prodavnica (id_prodavnica, mesto, adresa, velicina) values (117, 'Kragujevac', '84244 Cordelia Trail', 889.94);
insert into prodavnica (id_prodavnica, mesto, adresa, velicina) values (118, 'Nis', '9768 Magdeline Avenue', 846.92);
insert into prodavnica (id_prodavnica, mesto, adresa, velicina) values (119, 'Beograd', '2845 Pond Center', 280.9);
insert into prodavnica (id_prodavnica, mesto, adresa, velicina) values (120, 'Kragujevac', '8326 Swallow Parkway', 295.38);
insert into prodavnica (id_prodavnica, mesto, adresa, velicina) values (121, 'Novi Sad', '98933 Vidon Avenue', 157.05);
insert into prodavnica (id_prodavnica, mesto, adresa, velicina) values (122, 'Novi Sad', '9 Pankratz Circle', 443.66);
insert into prodavnica (id_prodavnica, mesto, adresa, velicina) values (123, 'Leskovac', '7193 Nelson Drive', 739.23);
insert into prodavnica (id_prodavnica, mesto, adresa, velicina) values (124, 'Beograd', '7 Shopko Junction', 499.55);
insert into prodavnica (id_prodavnica, mesto, adresa, velicina) values (125, 'Subotica', '29 Valley Edge Road', 243.66);
insert into prodavnica (id_prodavnica, mesto, adresa, velicina) values (126, 'Cacak', '7 Maple Park', 327.26);
insert into prodavnica (id_prodavnica, mesto, adresa, velicina) values (127, 'Cacak', '7 Pankratz Place', 599.7);
insert into prodavnica (id_prodavnica, mesto, adresa, velicina) values (128, 'Nis', '02029 Trailsway Drive', 56.51);
insert into prodavnica (id_prodavnica, mesto, adresa, velicina) values (129, 'Novi Sad', '888 Sutteridge Junction', 950.6);
insert into prodavnica (id_prodavnica, mesto, adresa, velicina) values (130, 'Subotica', '3999 Logan Way', 71.48);
insert into prodavnica (id_prodavnica, mesto, adresa, velicina) values (131, 'Subotica', '431 Northland Trail', 667.73);
insert into prodavnica (id_prodavnica, mesto, adresa, velicina) values (132, 'Kragujevac', '4819 Union Hill', 568.91);
insert into prodavnica (id_prodavnica, mesto, adresa, velicina) values (133, 'Novi Sad', '6 Loomis Plaza', 461.52);
insert into prodavnica (id_prodavnica, mesto, adresa, velicina) values (134, 'Novi Sad', '99237 Acker Way', 539.1);
insert into prodavnica (id_prodavnica, mesto, adresa, velicina) values (135, 'Novi Sad', '280 Myrtle Point', 905.24);
insert into prodavnica (id_prodavnica, mesto, adresa, velicina) values (136, 'Beograd', '60936 West Pass', 998.15);
insert into prodavnica (id_prodavnica, mesto, adresa, velicina) values (137, 'Beograd', '33 Magdeline Pass', 459.1);
insert into prodavnica (id_prodavnica, mesto, adresa, velicina) values (138, 'Nis', '68776 Spenser Drive', 218.57);
insert into prodavnica (id_prodavnica, mesto, adresa, velicina) values (139, 'Nis', '67 Paget Junction', 997.32);
insert into prodavnica (id_prodavnica, mesto, adresa, velicina) values (140, 'Nis', '1995 Boyd Junction', 226.2);
insert into prodavnica (id_prodavnica, mesto, adresa, velicina) values (141, 'Subotica', '7 High Crossing Pass', 856.67);
insert into prodavnica (id_prodavnica, mesto, adresa, velicina) values (142, 'Novi Sad', '93115 Valley Edge Crossing', 551.01);
insert into prodavnica (id_prodavnica, mesto, adresa, velicina) values (143, 'Kragujevac', '86439 Melby Parkway', 978.89);
insert into prodavnica (id_prodavnica, mesto, adresa, velicina) values (144, 'Subotica', '563 Rigney Parkway', 851.7);
insert into prodavnica (id_prodavnica, mesto, adresa, velicina) values (145, 'Novi Sad', '9420 Browning Road', 631.92);
insert into prodavnica (id_prodavnica, mesto, adresa, velicina) values (146, 'Leskovac', '479 Jenna Avenue', 960.0);
insert into prodavnica (id_prodavnica, mesto, adresa, velicina) values (147, 'Beograd', '7654 Lunder Drive', 626.13);
insert into prodavnica (id_prodavnica, mesto, adresa, velicina) values (148, 'Novi Sad', '74751 Gerald Trail', 704.53);
insert into prodavnica (id_prodavnica, mesto, adresa, velicina) values (149, 'Nis', '8693 Talisman Point', 335.51);
insert into prodavnica (id_prodavnica, mesto, adresa, velicina) values (150, 'Leskovac', '7093 Montana Parkway', 470.87);



CREATE TABLE proizvod(
	id_proizvod INT PRIMARY KEY,
	naziv VARCHAR(50) NOT NULL,
	cena FLOAT NOT NULL,
	kolicina INT NOT NULL,
	fk_prodavnica INT NOT NULL,
	fk_mesto VARCHAR(10) NOT NULL,
	FOREIGN KEY (fk_prodavnica, fk_mesto) REFERENCES prodavnica(id_prodavnica, mesto)
);



insert into proizvod (id_proizvod, naziv, cena, kolicina, fk_prodavnica, fk_mesto) values (1, 'Acetaminophen', 3434.38, 6, 86, 'Beograd');
insert into proizvod (id_proizvod, naziv, cena, kolicina, fk_prodavnica, fk_mesto) values (2, 'Venlafaxine Hydrochloride', 2905.37, 63, 150, 'Leskovac');
insert into proizvod (id_proizvod, naziv, cena, kolicina, fk_prodavnica, fk_mesto) values (3, 'Meteoric Iron Phosphorus Quartz', 5366.6, 198, 96, 'Novi Sad');
insert into proizvod (id_proizvod, naziv, cena, kolicina, fk_prodavnica, fk_mesto) values (4, 'Arsenic Trioxide, Cadmium Sulfate', 6541.25, 166, 100, 'Subotica');
insert into proizvod (id_proizvod, naziv, cena, kolicina, fk_prodavnica, fk_mesto) values (5, 'Dextromethorphan Hydrobromide / Guaifenesin', 321.87, 4, 104, 'Leskovac');
insert into proizvod (id_proizvod, naziv, cena, kolicina, fk_prodavnica, fk_mesto) values (6, 'Avobenzone, Homosalate, Octisalate, Octocrylene, Oxybenzone', 991.92, 80, 97, 'Nis');
insert into proizvod (id_proizvod, naziv, cena, kolicina, fk_prodavnica, fk_mesto) values (7, 'Clemastine Fumarate', 8530.23, 27, 105, 'Leskovac');
insert into proizvod (id_proizvod, naziv, cena, kolicina, fk_prodavnica, fk_mesto) values (8, 'Avocado', 7492.24, 133, 68, 'Subotica');
insert into proizvod (id_proizvod, naziv, cena, kolicina, fk_prodavnica, fk_mesto) values (9, 'Ropinirole Hydrochloride', 7232.71, 43, 65, 'Novi Sad');
insert into proizvod (id_proizvod, naziv, cena, kolicina, fk_prodavnica, fk_mesto) values (10, 'Sweetgum', 6389.8, 91, 76, 'Cacak');
insert into proizvod (id_proizvod, naziv, cena, kolicina, fk_prodavnica, fk_mesto) values (11, 'saquinavir mesylate', 9119.21, 159, 94, 'Kragujevac');
insert into proizvod (id_proizvod, naziv, cena, kolicina, fk_prodavnica, fk_mesto) values (12, 'HELIUM', 227.82, 8, 59, 'Subotica');
insert into proizvod (id_proizvod, naziv, cena, kolicina, fk_prodavnica, fk_mesto) values (13, 'Citalopram', 7457.36, 24, 112, 'Beograd');
insert into proizvod (id_proizvod, naziv, cena, kolicina, fk_prodavnica, fk_mesto) values (14, 'Octinoxate and Titanium Dioxide', 3910.42, 60, 30, 'Leskovac');
insert into proizvod (id_proizvod, naziv, cena, kolicina, fk_prodavnica, fk_mesto) values (15, 'Pyrilamine Maleate and Phenylephrine Hydrochloride', 9475.7, 82, 29, 'Beograd');
insert into proizvod (id_proizvod, naziv, cena, kolicina, fk_prodavnica, fk_mesto) values (16, 'naloxone hydrochloride', 7413.88, 70, 122, 'Novi Sad');
insert into proizvod (id_proizvod, naziv, cena, kolicina, fk_prodavnica, fk_mesto) values (17, 'loperamide HCl', 9764.6, 134, 43, 'Novi Sad');
insert into proizvod (id_proizvod, naziv, cena, kolicina, fk_prodavnica, fk_mesto) values (18, 'Menthol', 5641.21, 98, 62, 'Kragujevac');
insert into proizvod (id_proizvod, naziv, cena, kolicina, fk_prodavnica, fk_mesto) values (19, 'PANCRELIPASE', 293.28, 146, 103, 'Subotica');
insert into proizvod (id_proizvod, naziv, cena, kolicina, fk_prodavnica, fk_mesto) values (20, 'cinacalcet hydrochloride', 9026.37, 98, 8, 'Novi Sad');
insert into proizvod (id_proizvod, naziv, cena, kolicina, fk_prodavnica, fk_mesto) values (21, 'Acetaminophen, Dextromathorphan HBr, Gauifenesin, Phenylephrine HCl', 9115.24, 140, 134, 'Novi Sad');
insert into proizvod (id_proizvod, naziv, cena, kolicina, fk_prodavnica, fk_mesto) values (22, 'Doxylamine succinate', 2616.74, 198, 88, 'Cacak');
insert into proizvod (id_proizvod, naziv, cena, kolicina, fk_prodavnica, fk_mesto) values (23, 'zinc oxide, dimethicone', 5534.91, 107, 83, 'Beograd');
insert into proizvod (id_proizvod, naziv, cena, kolicina, fk_prodavnica, fk_mesto) values (24, 'Zinc Oxide', 4280.47, 165, 116, 'Kragujevac');
insert into proizvod (id_proizvod, naziv, cena, kolicina, fk_prodavnica, fk_mesto) values (25, 'Antihemophilic Factor, Human Recombinant', 6610.93, 195, 85, 'Nis');
insert into proizvod (id_proizvod, naziv, cena, kolicina, fk_prodavnica, fk_mesto) values (26, 'HAMAMELIS VIRGINIANA', 1798.67, 21, 34, 'Leskovac');
insert into proizvod (id_proizvod, naziv, cena, kolicina, fk_prodavnica, fk_mesto) values (27, 'atenolol', 14.25, 154, 110, 'Kragujevac');
insert into proizvod (id_proizvod, naziv, cena, kolicina, fk_prodavnica, fk_mesto) values (28, 'Citalopram Hydrobromide', 3378.55, 22, 42, 'Cacak');
insert into proizvod (id_proizvod, naziv, cena, kolicina, fk_prodavnica, fk_mesto) values (29, 'Neostigmine Methylsulfate', 7349.28, 3, 47, 'Novi Sad');
insert into proizvod (id_proizvod, naziv, cena, kolicina, fk_prodavnica, fk_mesto) values (30, 'Triclosan', 3813.78, 183, 124, 'Beograd');
insert into proizvod (id_proizvod, naziv, cena, kolicina, fk_prodavnica, fk_mesto) values (31, 'Ciprofloxacin', 4843.09, 128, 76, 'Cacak');
insert into proizvod (id_proizvod, naziv, cena, kolicina, fk_prodavnica, fk_mesto) values (32, 'Miconazole nitrate', 9668.85, 151, 115, 'Nis');
insert into proizvod (id_proizvod, naziv, cena, kolicina, fk_prodavnica, fk_mesto) values (33, 'PROPRANOLOL HYDROCHLORIDE', 4610.56, 27, 58, 'Kragujevac');
insert into proizvod (id_proizvod, naziv, cena, kolicina, fk_prodavnica, fk_mesto) values (34, 'Chelidonium Majus', 6228.26, 93, 50, 'Leskovac');
insert into proizvod (id_proizvod, naziv, cena, kolicina, fk_prodavnica, fk_mesto) values (35, 'LIDOCAINE HYDROCHLORIDE ANHYDROUS and EPINEPHRINE', 2380.07, 64, 87, 'Cacak');
insert into proizvod (id_proizvod, naziv, cena, kolicina, fk_prodavnica, fk_mesto) values (36, 'Strawberry Fragaria chiloensis', 9123.2, 126, 89, 'Subotica');
insert into proizvod (id_proizvod, naziv, cena, kolicina, fk_prodavnica, fk_mesto) values (37, 'Levetiracetam', 9403.63, 165, 130, 'Subotica');
insert into proizvod (id_proizvod, naziv, cena, kolicina, fk_prodavnica, fk_mesto) values (38, 'Benzoyl Peroxide', 8964.26, 155, 150, 'Leskovac');
insert into proizvod (id_proizvod, naziv, cena, kolicina, fk_prodavnica, fk_mesto) values (39, 'AVOBENZONE, OCTOCRYLENE, OXYBENZONE', 3128.66, 120, 77, 'Kragujevac');
insert into proizvod (id_proizvod, naziv, cena, kolicina, fk_prodavnica, fk_mesto) values (40, 'COLISTIMETHATE SODIUM', 2971.07, 102, 2, 'Subotica');
insert into proizvod (id_proizvod, naziv, cena, kolicina, fk_prodavnica, fk_mesto) values (41, 'Zinc Oxide, Titanium Dioxide', 7943.92, 122, 62, 'Kragujevac');
insert into proizvod (id_proizvod, naziv, cena, kolicina, fk_prodavnica, fk_mesto) values (42, 'benzocaine', 8240.37, 131, 88, 'Cacak');
insert into proizvod (id_proizvod, naziv, cena, kolicina, fk_prodavnica, fk_mesto) values (43, 'Midazolam Hydrochloride', 6061.95, 141, 9, 'Beograd');
insert into proizvod (id_proizvod, naziv, cena, kolicina, fk_prodavnica, fk_mesto) values (44, 'Trazodone Hydrochloride', 2766.12, 154, 107, 'Leskovac');
insert into proizvod (id_proizvod, naziv, cena, kolicina, fk_prodavnica, fk_mesto) values (45, 'metolazone', 8760.15, 193, 28, 'Novi Sad');
insert into proizvod (id_proizvod, naziv, cena, kolicina, fk_prodavnica, fk_mesto) values (46, 'Influenzinum', 5566.32, 48, 94, 'Kragujevac');
insert into proizvod (id_proizvod, naziv, cena, kolicina, fk_prodavnica, fk_mesto) values (47, 'ASPIRIN, CITRIC ACID, SODIUM BICARBONATE', 1984.7, 193, 123, 'Leskovac');
insert into proizvod (id_proizvod, naziv, cena, kolicina, fk_prodavnica, fk_mesto) values (48, 'Heparin Sodium', 612.24, 141, 9, 'Beograd');
insert into proizvod (id_proizvod, naziv, cena, kolicina, fk_prodavnica, fk_mesto) values (49, 'Acetaminophen', 2774.01, 36, 141, 'Subotica');
insert into proizvod (id_proizvod, naziv, cena, kolicina, fk_prodavnica, fk_mesto) values (50, 'Diphenhydramine HCl', 8775.25, 194, 113, 'Leskovac');
insert into proizvod (id_proizvod, naziv, cena, kolicina, fk_prodavnica, fk_mesto) values (51, 'RANITIDINE', 4050.97, 148, 102, 'Kragujevac');
insert into proizvod (id_proizvod, naziv, cena, kolicina, fk_prodavnica, fk_mesto) values (52, 'ACONITUM NAPELLUS - BRYONIA ALBA ROOT - SANGUINARIA CANADENSIS ROOT', 4555.62, 160, 132, 'Kragujevac');
insert into proizvod (id_proizvod, naziv, cena, kolicina, fk_prodavnica, fk_mesto) values (53, 'Levothyroxine Sodium', 6763.07, 113, 76, 'Cacak');
insert into proizvod (id_proizvod, naziv, cena, kolicina, fk_prodavnica, fk_mesto) values (54, 'dimethicone, octinoxate, octisalate, oxybenzone', 7109.03, 41, 7, 'Novi Sad');
insert into proizvod (id_proizvod, naziv, cena, kolicina, fk_prodavnica, fk_mesto) values (55, 'OCTINOXATE, TITANIUM DIOXIDE, ZINC OXIDE', 2204.41, 42, 128, 'Nis');
insert into proizvod (id_proizvod, naziv, cena, kolicina, fk_prodavnica, fk_mesto) values (56, 'risperidone', 2361.7, 193, 77, 'Kragujevac');
insert into proizvod (id_proizvod, naziv, cena, kolicina, fk_prodavnica, fk_mesto) values (57, 'CALENDULA OFFICINALIS FLOWERING TOP, Graphite, and Silicon Dioxide', 8767.6, 12, 32, 'Leskovac');
insert into proizvod (id_proizvod, naziv, cena, kolicina, fk_prodavnica, fk_mesto) values (58, 'Irbesartan and Hydrochlorothiazide', 6502.7, 18, 80, 'Novi Sad');
insert into proizvod (id_proizvod, naziv, cena, kolicina, fk_prodavnica, fk_mesto) values (59, 'Sumatriptan Succinate', 4117.3, 165, 94, 'Kragujevac');
insert into proizvod (id_proizvod, naziv, cena, kolicina, fk_prodavnica, fk_mesto) values (60, 'PREGABALIN', 1841.29, 141, 92, 'Cacak');
insert into proizvod (id_proizvod, naziv, cena, kolicina, fk_prodavnica, fk_mesto) values (61, 'Burr Oak', 9036.35, 148, 79, 'Novi Sad');
insert into proizvod (id_proizvod, naziv, cena, kolicina, fk_prodavnica, fk_mesto) values (62, 'estradiol acetate', 5437.06, 120, 30, 'Leskovac');
insert into proizvod (id_proizvod, naziv, cena, kolicina, fk_prodavnica, fk_mesto) values (63, 'OCTINOXATE, TITANIUM DIOXIDE', 4184.43, 29, 103, 'Subotica');
insert into proizvod (id_proizvod, naziv, cena, kolicina, fk_prodavnica, fk_mesto) values (64, 'Zolmitriptan', 8835.37, 41, 116, 'Kragujevac');
insert into proizvod (id_proizvod, naziv, cena, kolicina, fk_prodavnica, fk_mesto) values (65, 'Red Maple', 579.93, 179, 34, 'Leskovac');
insert into proizvod (id_proizvod, naziv, cena, kolicina, fk_prodavnica, fk_mesto) values (66, 'Impatiens', 3984.33, 68, 36, 'Leskovac');
insert into proizvod (id_proizvod, naziv, cena, kolicina, fk_prodavnica, fk_mesto) values (67, 'Hydrochlorothiazide', 7631.34, 95, 105, 'Leskovac');
insert into proizvod (id_proizvod, naziv, cena, kolicina, fk_prodavnica, fk_mesto) values (68, 'TITANIUM DIOXIDE', 6879.46, 131, 84, 'Nis');
insert into proizvod (id_proizvod, naziv, cena, kolicina, fk_prodavnica, fk_mesto) values (69, 'Acetaminophen', 7695.09, 72, 19, 'Nis');
insert into proizvod (id_proizvod, naziv, cena, kolicina, fk_prodavnica, fk_mesto) values (70, 'ALCOHOL', 7780.34, 137, 59, 'Subotica');
insert into proizvod (id_proizvod, naziv, cena, kolicina, fk_prodavnica, fk_mesto) values (71, 'Octinoxate, Octisalate, and Oxybenzone', 8086.34, 182, 111, 'Subotica');
insert into proizvod (id_proizvod, naziv, cena, kolicina, fk_prodavnica, fk_mesto) values (72, 'calcium carbonate', 1335.66, 111, 32, 'Leskovac');
insert into proizvod (id_proizvod, naziv, cena, kolicina, fk_prodavnica, fk_mesto) values (73, 'Bisacodyl', 9343.3, 176, 105, 'Leskovac');
insert into proizvod (id_proizvod, naziv, cena, kolicina, fk_prodavnica, fk_mesto) values (74, 'Abies nigra', 4907.38, 187, 85, 'Nis');
insert into proizvod (id_proizvod, naziv, cena, kolicina, fk_prodavnica, fk_mesto) values (75, 'OCTINOXATE and TITANIUM DIOXIDE', 9298.83, 61, 127, 'Cacak');
insert into proizvod (id_proizvod, naziv, cena, kolicina, fk_prodavnica, fk_mesto) values (76, 'KETOROLAC TROMETHAMINE', 5669.18, 162, 71, 'Cacak');
insert into proizvod (id_proizvod, naziv, cena, kolicina, fk_prodavnica, fk_mesto) values (77, 'Nitrogen', 8016.08, 171, 136, 'Beograd');
insert into proizvod (id_proizvod, naziv, cena, kolicina, fk_prodavnica, fk_mesto) values (78, 'TITANIUM DIOXIDE', 9602.08, 64, 97, 'Nis');
insert into proizvod (id_proizvod, naziv, cena, kolicina, fk_prodavnica, fk_mesto) values (79, 'homosalate, octinoxate, oxybenzone', 3822.91, 177, 80, 'Novi Sad');
insert into proizvod (id_proizvod, naziv, cena, kolicina, fk_prodavnica, fk_mesto) values (80, 'Aconitum napellus', 6501.6, 77, 35, 'Kragujevac');
insert into proizvod (id_proizvod, naziv, cena, kolicina, fk_prodavnica, fk_mesto) values (81, 'Methenamine', 2873.77, 132, 44, 'Novi Sad');
insert into proizvod (id_proizvod, naziv, cena, kolicina, fk_prodavnica, fk_mesto) values (82, 'Bismuth subsalicylate', 5732.35, 101, 72, 'Beograd');
insert into proizvod (id_proizvod, naziv, cena, kolicina, fk_prodavnica, fk_mesto) values (83, 'Dopamine HCl', 5437.52, 18, 149, 'Nis');
insert into proizvod (id_proizvod, naziv, cena, kolicina, fk_prodavnica, fk_mesto) values (84, 'OXYGEN', 6586.59, 11, 122, 'Novi Sad');
insert into proizvod (id_proizvod, naziv, cena, kolicina, fk_prodavnica, fk_mesto) values (85, 'Benzocaine', 436.81, 140, 13, 'Cacak');
insert into proizvod (id_proizvod, naziv, cena, kolicina, fk_prodavnica, fk_mesto) values (86, 'Ribavirin', 2126.15, 169, 87, 'Cacak');
insert into proizvod (id_proizvod, naziv, cena, kolicina, fk_prodavnica, fk_mesto) values (87, 'simvastatin', 6939.02, 155, 32, 'Leskovac');
insert into proizvod (id_proizvod, naziv, cena, kolicina, fk_prodavnica, fk_mesto) values (88, 'ALUMINUM CHLOROHYDRATE', 8509.16, 39, 22, 'Kragujevac');
insert into proizvod (id_proizvod, naziv, cena, kolicina, fk_prodavnica, fk_mesto) values (89, 'Titanium Dioxide, OCTINOXATE, Zinc Oxide', 6998.16, 155, 133, 'Novi Sad');
insert into proizvod (id_proizvod, naziv, cena, kolicina, fk_prodavnica, fk_mesto) values (90, 'OCTINOXATE and TITANIUM DIOXIDE', 1402.35, 8, 107, 'Leskovac');
insert into proizvod (id_proizvod, naziv, cena, kolicina, fk_prodavnica, fk_mesto) values (91, 'HYDROCODONE BITARTRATE AND ACETAMINOPHEN', 718.36, 106, 54, 'Novi Sad');
insert into proizvod (id_proizvod, naziv, cena, kolicina, fk_prodavnica, fk_mesto) values (92, 'Amitriptyline Hydrochloride', 699.2, 134, 54, 'Novi Sad');
insert into proizvod (id_proizvod, naziv, cena, kolicina, fk_prodavnica, fk_mesto) values (93, 'Oxytocin', 5800.26, 156, 145, 'Novi Sad');
insert into proizvod (id_proizvod, naziv, cena, kolicina, fk_prodavnica, fk_mesto) values (94, 'Doxycycline Hyclate', 9260.02, 31, 107, 'Leskovac');
insert into proizvod (id_proizvod, naziv, cena, kolicina, fk_prodavnica, fk_mesto) values (95, 'Ethyl Alcohol', 8142.61, 103, 22, 'Kragujevac');
insert into proizvod (id_proizvod, naziv, cena, kolicina, fk_prodavnica, fk_mesto) values (96, 'Pyrithione zinc', 2875.52, 162, 118, 'Nis');
insert into proizvod (id_proizvod, naziv, cena, kolicina, fk_prodavnica, fk_mesto) values (97, 'Titanium Dioxide and Zinc Oxide', 389.47, 147, 101, 'Subotica');
insert into proizvod (id_proizvod, naziv, cena, kolicina, fk_prodavnica, fk_mesto) values (98, 'TRICLOSAN', 6400.18, 155, 72, 'Beograd');
insert into proizvod (id_proizvod, naziv, cena, kolicina, fk_prodavnica, fk_mesto) values (99, 'Chaetomium', 4038.02, 81, 1, 'Novi Sad');
insert into proizvod (id_proizvod, naziv, cena, kolicina, fk_prodavnica, fk_mesto) values (100, 'Octinoxate, Titanium Dioxide, and Zinc Oxide', 5626.04, 151, 110, 'Kragujevac');
insert into proizvod (id_proizvod, naziv, cena, kolicina, fk_prodavnica, fk_mesto) values (101, 'vardenafil hydrochloride', 7749.24, 14, 84, 'Nis');
insert into proizvod (id_proizvod, naziv, cena, kolicina, fk_prodavnica, fk_mesto) values (102, 'desmopressin acetate', 1508.83, 62, 106, 'Leskovac');
insert into proizvod (id_proizvod, naziv, cena, kolicina, fk_prodavnica, fk_mesto) values (103, 'valsartan and hydrochlorothiazide', 5337.67, 179, 109, 'Novi Sad');
insert into proizvod (id_proizvod, naziv, cena, kolicina, fk_prodavnica, fk_mesto) values (104, 'Castor Oil', 5479.31, 119, 114, 'Nis');
insert into proizvod (id_proizvod, naziv, cena, kolicina, fk_prodavnica, fk_mesto) values (105, 'Esomeprazole magnesium', 9538.84, 189, 78, 'Nis');
insert into proizvod (id_proizvod, naziv, cena, kolicina, fk_prodavnica, fk_mesto) values (106, 'CARBAMAZEPINE', 2235.19, 174, 146, 'Leskovac');
insert into proizvod (id_proizvod, naziv, cena, kolicina, fk_prodavnica, fk_mesto) values (107, 'LIDOCAINE HYDROCHLORIDE ANHYDROUS', 4906.52, 185, 43, 'Novi Sad');
insert into proizvod (id_proizvod, naziv, cena, kolicina, fk_prodavnica, fk_mesto) values (108, 'Ethyl Alcohol', 855.64, 90, 80, 'Novi Sad');
insert into proizvod (id_proizvod, naziv, cena, kolicina, fk_prodavnica, fk_mesto) values (109, 'Sodium Chloride', 8845.33, 131, 116, 'Kragujevac');
insert into proizvod (id_proizvod, naziv, cena, kolicina, fk_prodavnica, fk_mesto) values (110, 'OCTINOXATE, OCTISALATE, OXYBENZONE, TITANIUM DIOXIDE, ZINC OXIDE', 2583.92, 26, 36, 'Leskovac');
insert into proizvod (id_proizvod, naziv, cena, kolicina, fk_prodavnica, fk_mesto) values (111, 'Menthol', 39.49, 44, 92, 'Cacak');
insert into proizvod (id_proizvod, naziv, cena, kolicina, fk_prodavnica, fk_mesto) values (112, 'Sennosides', 8766.02, 97, 43, 'Novi Sad');
insert into proizvod (id_proizvod, naziv, cena, kolicina, fk_prodavnica, fk_mesto) values (113, 'Methylphenidate Hydrochloride', 2323.86, 175, 40, 'Beograd');
insert into proizvod (id_proizvod, naziv, cena, kolicina, fk_prodavnica, fk_mesto) values (114, 'Quercus 5', 147.93, 124, 23, 'Kragujevac');
insert into proizvod (id_proizvod, naziv, cena, kolicina, fk_prodavnica, fk_mesto) values (115, 'Groundsel', 7634.95, 185, 102, 'Kragujevac');
insert into proizvod (id_proizvod, naziv, cena, kolicina, fk_prodavnica, fk_mesto) values (116, 'perampanel', 5278.24, 17, 96, 'Novi Sad');
insert into proizvod (id_proizvod, naziv, cena, kolicina, fk_prodavnica, fk_mesto) values (117, 'Balsam Poplar', 2145.5, 99, 22, 'Kragujevac');
insert into proizvod (id_proizvod, naziv, cena, kolicina, fk_prodavnica, fk_mesto) values (118, 'Guaifenesin/phenylephrine', 7642.5, 52, 135, 'Novi Sad');
insert into proizvod (id_proizvod, naziv, cena, kolicina, fk_prodavnica, fk_mesto) values (119, 'WITCH HAZEL', 2338.18, 8, 77, 'Kragujevac');
insert into proizvod (id_proizvod, naziv, cena, kolicina, fk_prodavnica, fk_mesto) values (120, 'Husky 514', 7283.48, 45, 75, 'Kragujevac');
insert into proizvod (id_proizvod, naziv, cena, kolicina, fk_prodavnica, fk_mesto) values (121, 'dimethicone, octinoxate, octisalate, oxybenzone', 4689.51, 190, 35, 'Kragujevac');
insert into proizvod (id_proizvod, naziv, cena, kolicina, fk_prodavnica, fk_mesto) values (122, 'ALCOHOL', 7613.0, 48, 93, 'Nis');
insert into proizvod (id_proizvod, naziv, cena, kolicina, fk_prodavnica, fk_mesto) values (123, 'Labetalol HCl', 1269.74, 125, 80, 'Novi Sad');
insert into proizvod (id_proizvod, naziv, cena, kolicina, fk_prodavnica, fk_mesto) values (124, 'Tolnaftate', 4529.4, 65, 22, 'Kragujevac');
insert into proizvod (id_proizvod, naziv, cena, kolicina, fk_prodavnica, fk_mesto) values (125, 'Benzocaine', 7497.73, 123, 72, 'Beograd');
insert into proizvod (id_proizvod, naziv, cena, kolicina, fk_prodavnica, fk_mesto) values (126, 'Alendronate Sodium', 7275.18, 114, 60, 'Subotica');
insert into proizvod (id_proizvod, naziv, cena, kolicina, fk_prodavnica, fk_mesto) values (127, 'Naphazoline Hydrochloride', 2198.53, 198, 126, 'Cacak');
insert into proizvod (id_proizvod, naziv, cena, kolicina, fk_prodavnica, fk_mesto) values (128, 'OCTINOXATE, TITANIUM DIOXIDE', 2464.16, 109, 3, 'Beograd');
insert into proizvod (id_proizvod, naziv, cena, kolicina, fk_prodavnica, fk_mesto) values (129, 'Methotrexate', 5355.3, 195, 71, 'Cacak');
insert into proizvod (id_proizvod, naziv, cena, kolicina, fk_prodavnica, fk_mesto) values (130, 'Octinoxate, Octisalate', 7438.47, 118, 54, 'Novi Sad');
insert into proizvod (id_proizvod, naziv, cena, kolicina, fk_prodavnica, fk_mesto) values (131, 'eplerenone', 5304.44, 177, 105, 'Leskovac');
insert into proizvod (id_proizvod, naziv, cena, kolicina, fk_prodavnica, fk_mesto) values (132, 'Amiodarone Hydrochloride', 5433.81, 124, 29, 'Beograd');
insert into proizvod (id_proizvod, naziv, cena, kolicina, fk_prodavnica, fk_mesto) values (133, 'erythromycin', 375.81, 106, 134, 'Novi Sad');
insert into proizvod (id_proizvod, naziv, cena, kolicina, fk_prodavnica, fk_mesto) values (134, 'Loperamide Hydrochloride', 6434.45, 19, 102, 'Kragujevac');
insert into proizvod (id_proizvod, naziv, cena, kolicina, fk_prodavnica, fk_mesto) values (135, 'Aconitum nap', 7914.06, 168, 12, 'Cacak');
insert into proizvod (id_proizvod, naziv, cena, kolicina, fk_prodavnica, fk_mesto) values (136, 'ZINC OXIDE, TITANIUM DIOXIDE, ENSULIZOLE', 8959.74, 28, 135, 'Novi Sad');
insert into proizvod (id_proizvod, naziv, cena, kolicina, fk_prodavnica, fk_mesto) values (137, 'Aspirin', 5312.5, 107, 42, 'Cacak');
insert into proizvod (id_proizvod, naziv, cena, kolicina, fk_prodavnica, fk_mesto) values (138, 'lip protectant sunscreen', 6598.24, 130, 34, 'Leskovac');
insert into proizvod (id_proizvod, naziv, cena, kolicina, fk_prodavnica, fk_mesto) values (139, 'ropinirole', 7327.53, 194, 116, 'Kragujevac');
insert into proizvod (id_proizvod, naziv, cena, kolicina, fk_prodavnica, fk_mesto) values (140, 'olanzapine', 8039.15, 42, 97, 'Nis');
insert into proizvod (id_proizvod, naziv, cena, kolicina, fk_prodavnica, fk_mesto) values (141, 'Paclitaxel', 5033.39, 12, 37, 'Novi Sad');
insert into proizvod (id_proizvod, naziv, cena, kolicina, fk_prodavnica, fk_mesto) values (142, 'Fig', 5327.34, 85, 93, 'Nis');
insert into proizvod (id_proizvod, naziv, cena, kolicina, fk_prodavnica, fk_mesto) values (143, 'Minocycline Hydrochloride', 368.41, 6, 134, 'Novi Sad');
insert into proizvod (id_proizvod, naziv, cena, kolicina, fk_prodavnica, fk_mesto) values (144, 'Caffeine, Chlorpheniramine Maleate, Acetaminophen', 7194.85, 9, 67, 'Leskovac');
insert into proizvod (id_proizvod, naziv, cena, kolicina, fk_prodavnica, fk_mesto) values (145, 'Misoprostol', 1236.11, 104, 92, 'Cacak');
insert into proizvod (id_proizvod, naziv, cena, kolicina, fk_prodavnica, fk_mesto) values (146, 'Doxazosin', 2123.66, 187, 90, 'Novi Sad');
insert into proizvod (id_proizvod, naziv, cena, kolicina, fk_prodavnica, fk_mesto) values (147, 'OCTINOXATE, TITANIUM DIOXIDE, and ZINC OXIDE', 4064.16, 3, 73, 'Cacak');
insert into proizvod (id_proizvod, naziv, cena, kolicina, fk_prodavnica, fk_mesto) values (148, 'Ethyl Alcohol', 1779.64, 32, 123, 'Leskovac');
insert into proizvod (id_proizvod, naziv, cena, kolicina, fk_prodavnica, fk_mesto) values (149, 'Paroxetine Hydrochloride', 2475.82, 61, 93, 'Nis');
insert into proizvod (id_proizvod, naziv, cena, kolicina, fk_prodavnica, fk_mesto) values (150, 'Simvastatin', 1784.34, 187, 7, 'Novi Sad');


create table korisnik (
	id_korisnik INT,
	ime VARCHAR(50),
	prezime VARCHAR(50),
	username VARCHAR(50),
	password VARCHAR(50),
	bodovi INT,
	fk_prodavnica INT
);
insert into korisnik (id_korisnik, ime, prezime, username, password, bodovi, fk_prodavnica) values (1, 'Graig', 'Aireton', 'gaireton0', 'OkhwUBFzC5Fn', 499, 119);
insert into korisnik (id_korisnik, ime, prezime, username, password, bodovi, fk_prodavnica) values (2, 'Tabbie', 'Crocetti', 'tcrocetti1', '9nLFAUxLIj6', 861, 88);
insert into korisnik (id_korisnik, ime, prezime, username, password, bodovi, fk_prodavnica) values (3, 'Bethanne', 'Heintz', 'bheintz2', 'PU6PsMYU', 921, 100);
insert into korisnik (id_korisnik, ime, prezime, username, password, bodovi, fk_prodavnica) values (4, 'Rana', 'Ganders', 'rganders3', '0NCvfm26uy', 971, 139);
insert into korisnik (id_korisnik, ime, prezime, username, password, bodovi, fk_prodavnica) values (5, 'Dannie', 'Dall', 'ddall4', 'lyubF1', 978, 125);
insert into korisnik (id_korisnik, ime, prezime, username, password, bodovi, fk_prodavnica) values (6, 'Suellen', 'Mardy', 'smardy5', 'QPxeHPGdV7OZ', 965, 122);
insert into korisnik (id_korisnik, ime, prezime, username, password, bodovi, fk_prodavnica) values (7, 'My', 'Dunbar', 'mdunbar6', 'cIZUhb2TU9', 233, 85);
insert into korisnik (id_korisnik, ime, prezime, username, password, bodovi, fk_prodavnica) values (8, 'Derrek', 'Rooper', 'drooper7', 'mvPTGU', 894, 114);
insert into korisnik (id_korisnik, ime, prezime, username, password, bodovi, fk_prodavnica) values (9, 'Hobard', 'Hedgeley', 'hhedgeley8', 'g22TCXZ6fx', 432, 62);
insert into korisnik (id_korisnik, ime, prezime, username, password, bodovi, fk_prodavnica) values (10, 'Berk', 'Shepeard', 'bshepeard9', 'bzzG7M', 213, 141);
insert into korisnik (id_korisnik, ime, prezime, username, password, bodovi, fk_prodavnica) values (11, 'Alane', 'Van der Krui', 'avanderkruia', 'X369kfcNwUJR', 269, 117);
insert into korisnik (id_korisnik, ime, prezime, username, password, bodovi, fk_prodavnica) values (12, 'Frans', 'Malthus', 'fmalthusb', 'YOgSkG8t', 601, 95);
insert into korisnik (id_korisnik, ime, prezime, username, password, bodovi, fk_prodavnica) values (13, 'Konstantine', 'Newbigging', 'knewbiggingc', 'JBaLdsAEMLVa', 214, 122);
insert into korisnik (id_korisnik, ime, prezime, username, password, bodovi, fk_prodavnica) values (14, 'Chaddie', 'Creese', 'ccreesed', 'njTDZH5qYf', 76, 128);
insert into korisnik (id_korisnik, ime, prezime, username, password, bodovi, fk_prodavnica) values (15, 'Royal', 'McCarroll', 'rmccarrolle', 'opkFbVNbAbU', 918, 11);
insert into korisnik (id_korisnik, ime, prezime, username, password, bodovi, fk_prodavnica) values (16, 'Jennilee', 'Sheldrake', 'jsheldrakef', '1mbfD9PtR', 923, 58);
insert into korisnik (id_korisnik, ime, prezime, username, password, bodovi, fk_prodavnica) values (17, 'Herculie', 'Garms', 'hgarmsg', '03Cc6BMVO', 551, 98);
insert into korisnik (id_korisnik, ime, prezime, username, password, bodovi, fk_prodavnica) values (18, 'Karen', 'Tapley', 'ktapleyh', 'divuxMWucpf', 401, 143);
insert into korisnik (id_korisnik, ime, prezime, username, password, bodovi, fk_prodavnica) values (19, 'Sherie', 'Yarrell', 'syarrelli', 't3PFAl3', 998, 105);
insert into korisnik (id_korisnik, ime, prezime, username, password, bodovi, fk_prodavnica) values (20, 'Dino', 'Spinks', 'dspinksj', '3byLytI', 897, 44);
insert into korisnik (id_korisnik, ime, prezime, username, password, bodovi, fk_prodavnica) values (21, 'Reider', 'Mougel', 'rmougelk', 'TO3Xbus', 767, 78);
insert into korisnik (id_korisnik, ime, prezime, username, password, bodovi, fk_prodavnica) values (22, 'Bogey', 'Jedrych', 'bjedrychl', 'PGlFPA', 852, 78);
insert into korisnik (id_korisnik, ime, prezime, username, password, bodovi, fk_prodavnica) values (23, 'Parnell', 'Earey', 'peareym', 'YC5jC3D1aWn', 780, 75);
insert into korisnik (id_korisnik, ime, prezime, username, password, bodovi, fk_prodavnica) values (24, 'Trenna', 'Olivi', 'tolivin', 'hijWbjBPy4w', 203, 42);
insert into korisnik (id_korisnik, ime, prezime, username, password, bodovi, fk_prodavnica) values (25, 'Jerry', 'Pearmain', 'jpearmaino', 'jgvNDW', 711, 113);
insert into korisnik (id_korisnik, ime, prezime, username, password, bodovi, fk_prodavnica) values (26, 'Ania', 'Zellner', 'azellnerp', 'r5aimg', 617, 130);
insert into korisnik (id_korisnik, ime, prezime, username, password, bodovi, fk_prodavnica) values (27, 'Axel', 'Wison', 'awisonq', 'HYoPBuq', 413, 60);
insert into korisnik (id_korisnik, ime, prezime, username, password, bodovi, fk_prodavnica) values (28, 'Angele', 'Poveleye', 'apoveleyer', 'eM5C5RAf', 347, 37);
insert into korisnik (id_korisnik, ime, prezime, username, password, bodovi, fk_prodavnica) values (29, 'Keelia', 'Leeds', 'kleedss', 'dPqKQZJDv', 837, 100);
insert into korisnik (id_korisnik, ime, prezime, username, password, bodovi, fk_prodavnica) values (30, 'Dell', 'Lornsen', 'dlornsent', 'x2eFmrw94StH', 35, 70);
insert into korisnik (id_korisnik, ime, prezime, username, password, bodovi, fk_prodavnica) values (31, 'Eileen', 'Berre', 'eberreu', 'lyjamSyLlfHx', 463, 24);
insert into korisnik (id_korisnik, ime, prezime, username, password, bodovi, fk_prodavnica) values (32, 'Pepito', 'Gouldstraw', 'pgouldstrawv', 'ywgy3uF', 422, 43);
insert into korisnik (id_korisnik, ime, prezime, username, password, bodovi, fk_prodavnica) values (33, 'Marchelle', 'Birkinshaw', 'mbirkinshaww', 'GElxs5gT6h', 756, 14);
insert into korisnik (id_korisnik, ime, prezime, username, password, bodovi, fk_prodavnica) values (34, 'Niccolo', 'Pierucci', 'npieruccix', 'ZrSx6oTTJ', 71, 110);
insert into korisnik (id_korisnik, ime, prezime, username, password, bodovi, fk_prodavnica) values (35, 'Corri', 'Carreck', 'ccarrecky', 'GlnX0I', 219, 73);
insert into korisnik (id_korisnik, ime, prezime, username, password, bodovi, fk_prodavnica) values (36, 'Glenn', 'Everitt', 'geverittz', 'r1l56Z', 828, 106);
insert into korisnik (id_korisnik, ime, prezime, username, password, bodovi, fk_prodavnica) values (37, 'Ossie', 'Jolland', 'ojolland10', 'xRkk5S', 347, 27);
insert into korisnik (id_korisnik, ime, prezime, username, password, bodovi, fk_prodavnica) values (38, 'Emilee', 'Bourrel', 'ebourrel11', 'EV8Z1IxD', 568, 145);
insert into korisnik (id_korisnik, ime, prezime, username, password, bodovi, fk_prodavnica) values (39, 'Annissa', 'Kitcat', 'akitcat12', 'QLkSelZI', 61, 137);
insert into korisnik (id_korisnik, ime, prezime, username, password, bodovi, fk_prodavnica) values (40, 'Kathleen', 'Smithers', 'ksmithers13', 'LlOnQvH', 964, 119);
insert into korisnik (id_korisnik, ime, prezime, username, password, bodovi, fk_prodavnica) values (41, 'Brooks', 'Reuven', 'breuven14', 'Go2M53', 769, 69);
insert into korisnik (id_korisnik, ime, prezime, username, password, bodovi, fk_prodavnica) values (42, 'Brana', 'Kloska', 'bkloska15', '6rYwuB8UQCRl', 640, 45);
insert into korisnik (id_korisnik, ime, prezime, username, password, bodovi, fk_prodavnica) values (43, 'Glynis', 'Hague', 'ghague16', '5rqKCty', 92, 77);
insert into korisnik (id_korisnik, ime, prezime, username, password, bodovi, fk_prodavnica) values (44, 'Valerye', 'Dyche', 'vdyche17', 'xxyy5Q', 213, 140);
insert into korisnik (id_korisnik, ime, prezime, username, password, bodovi, fk_prodavnica) values (45, 'Rich', 'Yannikov', 'ryannikov18', 'R75gWJzDP5', 564, 14);
insert into korisnik (id_korisnik, ime, prezime, username, password, bodovi, fk_prodavnica) values (46, 'Jaquenetta', 'Whitford', 'jwhitford19', 'ugwbK1', 746, 67);
insert into korisnik (id_korisnik, ime, prezime, username, password, bodovi, fk_prodavnica) values (47, 'Rickert', 'Ruddiman', 'rruddiman1a', 'KZEe3j', 353, 75);
insert into korisnik (id_korisnik, ime, prezime, username, password, bodovi, fk_prodavnica) values (48, 'Twyla', 'Reihill', 'treihill1b', 'MAoVF8xQ', 412, 107);
insert into korisnik (id_korisnik, ime, prezime, username, password, bodovi, fk_prodavnica) values (49, 'Theodosia', 'Kiehnlt', 'tkiehnlt1c', 'CxIuVStqH5Gr', 668, 85);
insert into korisnik (id_korisnik, ime, prezime, username, password, bodovi, fk_prodavnica) values (50, 'Pinchas', 'McAlpin', 'pmcalpin1d', 'Bk59Xgd8WNg', 862, 127);
insert into korisnik (id_korisnik, ime, prezime, username, password, bodovi, fk_prodavnica) values (51, 'Ileane', 'Hars', 'ihars1e', 'wBejyEt', 141, 121);
insert into korisnik (id_korisnik, ime, prezime, username, password, bodovi, fk_prodavnica) values (52, 'Adena', 'Paolone', 'apaolone1f', 'Dvqk1Yu2s', 208, 46);
insert into korisnik (id_korisnik, ime, prezime, username, password, bodovi, fk_prodavnica) values (53, 'Sebastian', 'Fitzsimon', 'sfitzsimon1g', 'Ks6XNwo7R', 835, 37);
insert into korisnik (id_korisnik, ime, prezime, username, password, bodovi, fk_prodavnica) values (54, 'Bevvy', 'Kingaby', 'bkingaby1h', 'q5G5IqnnnLB', 409, 34);
insert into korisnik (id_korisnik, ime, prezime, username, password, bodovi, fk_prodavnica) values (55, 'Patrice', 'Greave', 'pgreave1i', 'OqxiCBy7k', 749, 70);
insert into korisnik (id_korisnik, ime, prezime, username, password, bodovi, fk_prodavnica) values (56, 'Esme', 'Kyle', 'ekyle1j', 'DiUQB0zzt', 729, 107);
insert into korisnik (id_korisnik, ime, prezime, username, password, bodovi, fk_prodavnica) values (57, 'Mia', 'Ledford', 'mledford1k', 'lyOHcbKG951B', 580, 12);
insert into korisnik (id_korisnik, ime, prezime, username, password, bodovi, fk_prodavnica) values (58, 'Annice', 'Withnall', 'awithnall1l', 'VQ6cgx36mJ0f', 887, 114);
insert into korisnik (id_korisnik, ime, prezime, username, password, bodovi, fk_prodavnica) values (59, 'Maegan', 'McAllester', 'mmcallester1m', '51qVfFBql9', 401, 62);
insert into korisnik (id_korisnik, ime, prezime, username, password, bodovi, fk_prodavnica) values (60, 'Derward', 'Tawn', 'dtawn1n', 'x2cKU9', 662, 86);
insert into korisnik (id_korisnik, ime, prezime, username, password, bodovi, fk_prodavnica) values (61, 'Kristian', 'Fidoe', 'kfidoe1o', 'qm4LYZF10tV', 435, 61);
insert into korisnik (id_korisnik, ime, prezime, username, password, bodovi, fk_prodavnica) values (62, 'Karlie', 'Conan', 'kconan1p', 'g6lhEKZNQU6', 854, 14);
insert into korisnik (id_korisnik, ime, prezime, username, password, bodovi, fk_prodavnica) values (63, 'Elias', 'Zimek', 'ezimek1q', 'T9vRxRhai', 894, 90);
insert into korisnik (id_korisnik, ime, prezime, username, password, bodovi, fk_prodavnica) values (64, 'Cobbie', 'Stubbes', 'cstubbes1r', 'fWNL6UXmr', 89, 65);
insert into korisnik (id_korisnik, ime, prezime, username, password, bodovi, fk_prodavnica) values (65, 'Hamlin', 'Stoakley', 'hstoakley1s', 'kzzXdD', 6, 76);
insert into korisnik (id_korisnik, ime, prezime, username, password, bodovi, fk_prodavnica) values (66, 'Henrieta', 'Frewer', 'hfrewer1t', 'BM7wa58CF', 537, 136);
insert into korisnik (id_korisnik, ime, prezime, username, password, bodovi, fk_prodavnica) values (67, 'Cassie', 'De La Haye', 'cdelahaye1u', 'cjHvyLo0', 68, 143);
insert into korisnik (id_korisnik, ime, prezime, username, password, bodovi, fk_prodavnica) values (68, 'Dixie', 'Phalip', 'dphalip1v', 'T93xtMsfTq', 853, 101);
insert into korisnik (id_korisnik, ime, prezime, username, password, bodovi, fk_prodavnica) values (69, 'Dietrich', 'Bayley', 'dbayley1w', 'GIMdsN', 143, 32);
insert into korisnik (id_korisnik, ime, prezime, username, password, bodovi, fk_prodavnica) values (70, 'Akim', 'Baglan', 'abaglan1x', 'w5X1aZ3S66eB', 378, 131);
insert into korisnik (id_korisnik, ime, prezime, username, password, bodovi, fk_prodavnica) values (71, 'Kaitlyn', 'Tranfield', 'ktranfield1y', 'IZyhB0l', 3, 65);
insert into korisnik (id_korisnik, ime, prezime, username, password, bodovi, fk_prodavnica) values (72, 'Shaine', 'De Moreno', 'sdemoreno1z', '1Xdvda7TedJC', 719, 127);
insert into korisnik (id_korisnik, ime, prezime, username, password, bodovi, fk_prodavnica) values (73, 'Sheryl', 'Ginnaly', 'sginnaly20', '6a4ucX641', 609, 96);
insert into korisnik (id_korisnik, ime, prezime, username, password, bodovi, fk_prodavnica) values (74, 'Osbert', 'Mcwhinnie', 'omcwhinnie21', 'vNi6ru', 911, 32);
insert into korisnik (id_korisnik, ime, prezime, username, password, bodovi, fk_prodavnica) values (75, 'Nadya', 'Chettoe', 'nchettoe22', 'El1XsmtIvNX', 839, 84);
insert into korisnik (id_korisnik, ime, prezime, username, password, bodovi, fk_prodavnica) values (76, 'Alaric', 'Iacovini', 'aiacovini23', 'IDOJNDvMQRR', 676, 22);
insert into korisnik (id_korisnik, ime, prezime, username, password, bodovi, fk_prodavnica) values (77, 'Dory', 'Scotchmor', 'dscotchmor24', '3dVTXPTU', 505, 8);
insert into korisnik (id_korisnik, ime, prezime, username, password, bodovi, fk_prodavnica) values (78, 'Ignacio', 'Sharpe', 'isharpe25', 'GCKJiva4RzfO', 462, 41);
insert into korisnik (id_korisnik, ime, prezime, username, password, bodovi, fk_prodavnica) values (79, 'Isabelle', 'Thomton', 'ithomton26', 'jCxPu1IT', 181, 100);
insert into korisnik (id_korisnik, ime, prezime, username, password, bodovi, fk_prodavnica) values (80, 'Martynne', 'Loche', 'mloche27', '6IZ9M5w6kd6d', 489, 59);
insert into korisnik (id_korisnik, ime, prezime, username, password, bodovi, fk_prodavnica) values (81, 'Andrej', 'Domleo', 'adomleo28', 'ibG5JgFoY4x', 780, 116);
insert into korisnik (id_korisnik, ime, prezime, username, password, bodovi, fk_prodavnica) values (82, 'Rica', 'Probbin', 'rprobbin29', 'fQ2N7udolsS', 550, 20);
insert into korisnik (id_korisnik, ime, prezime, username, password, bodovi, fk_prodavnica) values (83, 'Conrado', 'Scarlett', 'cscarlett2a', 'vNZeb0fKhKC', 498, 71);
insert into korisnik (id_korisnik, ime, prezime, username, password, bodovi, fk_prodavnica) values (84, 'Cinda', 'Shutt', 'cshutt2b', 'S0A4w9SNfce', 217, 30);
insert into korisnik (id_korisnik, ime, prezime, username, password, bodovi, fk_prodavnica) values (85, 'Shaylyn', 'Zanni', 'szanni2c', 'XCMTfnOfle0', 733, 67);
insert into korisnik (id_korisnik, ime, prezime, username, password, bodovi, fk_prodavnica) values (86, 'Simmonds', 'Simmonite', 'ssimmonite2d', 'IakKd2g', 569, 70);
insert into korisnik (id_korisnik, ime, prezime, username, password, bodovi, fk_prodavnica) values (87, 'Cordy', 'Bernardotte', 'cbernardotte2e', 'CzZeXrkF', 407, 70);
insert into korisnik (id_korisnik, ime, prezime, username, password, bodovi, fk_prodavnica) values (88, 'Erek', 'Retallack', 'eretallack2f', 'PlAhfcqfe6mz', 227, 98);
insert into korisnik (id_korisnik, ime, prezime, username, password, bodovi, fk_prodavnica) values (89, 'Bennie', 'Towne', 'btowne2g', 'nwolm9K', 405, 5);
insert into korisnik (id_korisnik, ime, prezime, username, password, bodovi, fk_prodavnica) values (90, 'Randie', 'Grafhom', 'rgrafhom2h', '2TKMzclDP', 546, 14);
insert into korisnik (id_korisnik, ime, prezime, username, password, bodovi, fk_prodavnica) values (91, 'Levin', 'Crane', 'lcrane2i', 'x7vb5A05wjK2', 747, 92);
insert into korisnik (id_korisnik, ime, prezime, username, password, bodovi, fk_prodavnica) values (92, 'Barty', 'Abramovicz', 'babramovicz2j', 'W8YX7NEDmh', 132, 104);
insert into korisnik (id_korisnik, ime, prezime, username, password, bodovi, fk_prodavnica) values (93, 'Engelbert', 'Yosevitz', 'eyosevitz2k', 'b2vFx2W', 532, 20);
insert into korisnik (id_korisnik, ime, prezime, username, password, bodovi, fk_prodavnica) values (94, 'Gare', 'Goldthorpe', 'ggoldthorpe2l', '2Byw8UWrbXe', 231, 53);
insert into korisnik (id_korisnik, ime, prezime, username, password, bodovi, fk_prodavnica) values (95, 'Rasla', 'Doudny', 'rdoudny2m', 'nQSackNzkfz', 415, 79);
insert into korisnik (id_korisnik, ime, prezime, username, password, bodovi, fk_prodavnica) values (96, 'Carlyn', 'Bankhurst', 'cbankhurst2n', '5h3f7kV7zVy8', 982, 119);
insert into korisnik (id_korisnik, ime, prezime, username, password, bodovi, fk_prodavnica) values (97, 'Giffer', 'Badgers', 'gbadgers2o', 'Nl41FgcsD', 177, 9);
insert into korisnik (id_korisnik, ime, prezime, username, password, bodovi, fk_prodavnica) values (98, 'Roxine', 'Chateau', 'rchateau2p', '15SoSCfSCq2', 413, 69);
insert into korisnik (id_korisnik, ime, prezime, username, password, bodovi, fk_prodavnica) values (99, 'Daniele', 'Sive', 'dsive2q', '0SW9s77E', 129, 99);
insert into korisnik (id_korisnik, ime, prezime, username, password, bodovi, fk_prodavnica) values (100, 'Sibel', 'Jacobssen', 'sjacobssen2r', 'O6B1xg12', 627, 69);
insert into korisnik (id_korisnik, ime, prezime, username, password, bodovi, fk_prodavnica) values (101, 'Sheridan', 'Konmann', 'skonmann2s', 'I6nMtP43q2', 123, 74);
insert into korisnik (id_korisnik, ime, prezime, username, password, bodovi, fk_prodavnica) values (102, 'Sadella', 'Rosenbush', 'srosenbush2t', 'BQJh1I5QPBi', 803, 74);
insert into korisnik (id_korisnik, ime, prezime, username, password, bodovi, fk_prodavnica) values (103, 'Pacorro', 'Dumke', 'pdumke2u', '7HebGbCn6O', 9, 134);
insert into korisnik (id_korisnik, ime, prezime, username, password, bodovi, fk_prodavnica) values (104, 'Ricki', 'Christol', 'rchristol2v', 'yV0Aa0faMr9', 351, 140);
insert into korisnik (id_korisnik, ime, prezime, username, password, bodovi, fk_prodavnica) values (105, 'Gradey', 'Haeslier', 'ghaeslier2w', 'nv2kHIA', 950, 134);
insert into korisnik (id_korisnik, ime, prezime, username, password, bodovi, fk_prodavnica) values (106, 'Georgiana', 'Masarrat', 'gmasarrat2x', 'M2FPBgL', 370, 76);
insert into korisnik (id_korisnik, ime, prezime, username, password, bodovi, fk_prodavnica) values (107, 'Toma', 'Kauffman', 'tkauffman2y', 'MF0szFZUXeAy', 566, 83);
insert into korisnik (id_korisnik, ime, prezime, username, password, bodovi, fk_prodavnica) values (108, 'Petra', 'Dinesen', 'pdinesen2z', 'yxJCRSD9rmIE', 455, 65);
insert into korisnik (id_korisnik, ime, prezime, username, password, bodovi, fk_prodavnica) values (109, 'Westbrook', 'Osan', 'wosan30', 'mUEQRq4y', 39, 101);
insert into korisnik (id_korisnik, ime, prezime, username, password, bodovi, fk_prodavnica) values (110, 'Zorina', 'MacMechan', 'zmacmechan31', 'P1fIADtD', 291, 33);
insert into korisnik (id_korisnik, ime, prezime, username, password, bodovi, fk_prodavnica) values (111, 'Honoria', 'Carbery', 'hcarbery32', 'K6G84g8Xr', 435, 95);
insert into korisnik (id_korisnik, ime, prezime, username, password, bodovi, fk_prodavnica) values (112, 'Enid', 'Dobble', 'edobble33', 'R3ocUf', 241, 45);
insert into korisnik (id_korisnik, ime, prezime, username, password, bodovi, fk_prodavnica) values (113, 'Orin', 'Minchinton', 'ominchinton34', 'eJmuypIUqOOc', 966, 137);
insert into korisnik (id_korisnik, ime, prezime, username, password, bodovi, fk_prodavnica) values (114, 'Chrysa', 'Hellwing', 'chellwing35', 'ta7XNk', 785, 27);
insert into korisnik (id_korisnik, ime, prezime, username, password, bodovi, fk_prodavnica) values (115, 'Tildi', 'Mardell', 'tmardell36', 'eUCef4RBU', 259, 16);
insert into korisnik (id_korisnik, ime, prezime, username, password, bodovi, fk_prodavnica) values (116, 'Kimble', 'Culshaw', 'kculshaw37', 'nqegY5S', 523, 61);
insert into korisnik (id_korisnik, ime, prezime, username, password, bodovi, fk_prodavnica) values (117, 'Hilliard', 'Bointon', 'hbointon38', 'lV2OfUUn', 312, 125);
insert into korisnik (id_korisnik, ime, prezime, username, password, bodovi, fk_prodavnica) values (118, 'Edgardo', 'Kordes', 'ekordes39', 'E0rQoKhXeB5', 523, 94);
insert into korisnik (id_korisnik, ime, prezime, username, password, bodovi, fk_prodavnica) values (119, 'Ware', 'Delagua', 'wdelagua3a', 'wF5tj3T', 117, 62);
insert into korisnik (id_korisnik, ime, prezime, username, password, bodovi, fk_prodavnica) values (120, 'Sutton', 'Emslie', 'semslie3b', 'CgP7wHD2bL', 699, 128);
insert into korisnik (id_korisnik, ime, prezime, username, password, bodovi, fk_prodavnica) values (121, 'Andy', 'Nuschke', 'anuschke3c', 'QdUQ7BHWKsyQ', 324, 76);
insert into korisnik (id_korisnik, ime, prezime, username, password, bodovi, fk_prodavnica) values (122, 'Cristy', 'Hollingsby', 'chollingsby3d', 'L9oolqDXGT', 709, 143);
insert into korisnik (id_korisnik, ime, prezime, username, password, bodovi, fk_prodavnica) values (123, 'Branden', 'Gippes', 'bgippes3e', 'bmTzOm', 442, 145);
insert into korisnik (id_korisnik, ime, prezime, username, password, bodovi, fk_prodavnica) values (124, 'Nona', 'Grzelczak', 'ngrzelczak3f', '9ANzoC', 873, 102);
insert into korisnik (id_korisnik, ime, prezime, username, password, bodovi, fk_prodavnica) values (125, 'Pammi', 'Greenman', 'pgreenman3g', 'ccs3f7X', 37, 117);
insert into korisnik (id_korisnik, ime, prezime, username, password, bodovi, fk_prodavnica) values (126, 'Lucila', 'Kubicki', 'lkubicki3h', 'H5PBLzFvt', 424, 29);
insert into korisnik (id_korisnik, ime, prezime, username, password, bodovi, fk_prodavnica) values (127, 'Kerrin', 'Greenshields', 'kgreenshields3i', 'wq5TXzegbWS', 22, 124);
insert into korisnik (id_korisnik, ime, prezime, username, password, bodovi, fk_prodavnica) values (128, 'Dorie', 'Hubbucke', 'dhubbucke3j', 'Caylty70oBjS', 151, 97);
insert into korisnik (id_korisnik, ime, prezime, username, password, bodovi, fk_prodavnica) values (129, 'Allissa', 'Moggie', 'amoggie3k', 'aogTKfo', 246, 142);
insert into korisnik (id_korisnik, ime, prezime, username, password, bodovi, fk_prodavnica) values (130, 'Arlette', 'Van Eeden', 'avaneeden3l', 'uK0S7cR', 643, 129);
insert into korisnik (id_korisnik, ime, prezime, username, password, bodovi, fk_prodavnica) values (131, 'Kirk', 'Hannay', 'khannay3m', 'hYoQHgaf4', 190, 47);
insert into korisnik (id_korisnik, ime, prezime, username, password, bodovi, fk_prodavnica) values (132, 'Renell', 'Saller', 'rsaller3n', 'hYmCjtQRH6', 936, 20);
insert into korisnik (id_korisnik, ime, prezime, username, password, bodovi, fk_prodavnica) values (133, 'Fiorenze', 'Sowray', 'fsowray3o', 'iOp7mq', 710, 119);
insert into korisnik (id_korisnik, ime, prezime, username, password, bodovi, fk_prodavnica) values (134, 'Timoteo', 'Jesty', 'tjesty3p', '1NUibw2oI4', 985, 70);
insert into korisnik (id_korisnik, ime, prezime, username, password, bodovi, fk_prodavnica) values (135, 'Vallie', 'Reggler', 'vreggler3q', 'TbNzKbQLweE4', 496, 110);
insert into korisnik (id_korisnik, ime, prezime, username, password, bodovi, fk_prodavnica) values (136, 'Fredrick', 'Maryin', 'fmaryin3r', 'TPedhU7', 925, 6);
insert into korisnik (id_korisnik, ime, prezime, username, password, bodovi, fk_prodavnica) values (137, 'Francesca', 'Richardeau', 'frichardeau3s', 'KnApDsZv', 295, 11);
insert into korisnik (id_korisnik, ime, prezime, username, password, bodovi, fk_prodavnica) values (138, 'Bibbye', 'Ensten', 'bensten3t', 'uqHOT54ar3a', 49, 47);
insert into korisnik (id_korisnik, ime, prezime, username, password, bodovi, fk_prodavnica) values (139, 'Justina', 'Bertelmot', 'jbertelmot3u', 'YZZ54z3MyDt', 887, 124);
insert into korisnik (id_korisnik, ime, prezime, username, password, bodovi, fk_prodavnica) values (140, 'Marylou', 'Emtage', 'memtage3v', 'iEJzSP', 538, 136);
insert into korisnik (id_korisnik, ime, prezime, username, password, bodovi, fk_prodavnica) values (141, 'Susie', 'Toxell', 'stoxell3w', 'zEKyI1FXNaUq', 916, 12);
insert into korisnik (id_korisnik, ime, prezime, username, password, bodovi, fk_prodavnica) values (142, 'Jacki', 'Glidden', 'jglidden3x', 'sVh9BMy', 725, 86);
insert into korisnik (id_korisnik, ime, prezime, username, password, bodovi, fk_prodavnica) values (143, 'Gallard', 'Trice', 'gtrice3y', 'SXlf3O9EfBb1', 168, 81);
insert into korisnik (id_korisnik, ime, prezime, username, password, bodovi, fk_prodavnica) values (144, 'Baird', 'Newe', 'bnewe3z', 'BLW74TO', 848, 92);
insert into korisnik (id_korisnik, ime, prezime, username, password, bodovi, fk_prodavnica) values (145, 'Rubetta', 'Cardillo', 'rcardillo40', 'DREZ6oGCS85m', 306, 114);
insert into korisnik (id_korisnik, ime, prezime, username, password, bodovi, fk_prodavnica) values (146, 'Reeba', 'Tilney', 'rtilney41', 'W58S8ksJb', 295, 19);
insert into korisnik (id_korisnik, ime, prezime, username, password, bodovi, fk_prodavnica) values (147, 'Jordon', 'Blackaby', 'jblackaby42', 'qbldVZ', 80, 17);
insert into korisnik (id_korisnik, ime, prezime, username, password, bodovi, fk_prodavnica) values (148, 'Esther', 'Kepp', 'ekepp43', 'JSzMJR', 27, 139);
insert into korisnik (id_korisnik, ime, prezime, username, password, bodovi, fk_prodavnica) values (149, 'Amerigo', 'McArthur', 'amcarthur44', 'iDTmGWqs', 769, 73);
insert into korisnik (id_korisnik, ime, prezime, username, password, bodovi, fk_prodavnica) values (150, 'Virgilio', 'McLurg', 'vmclurg45', 'pr43CI3', 3, 111);


create table mejl (
	id_mejl INT,
	adresa VARCHAR(50),
	fk_korisnik INT
);
insert into mejl (id_mejl, adresa, fk_korisnik) values (1, 'bbankes0@scientificamerican.com', 115);
insert into mejl (id_mejl, adresa, fk_korisnik) values (2, 'mmessum1@canalblog.com', 94);
insert into mejl (id_mejl, adresa, fk_korisnik) values (3, 'hphilippon2@hatena.ne.jp', 15);
insert into mejl (id_mejl, adresa, fk_korisnik) values (4, 'edeanesy3@goo.gl', 149);
insert into mejl (id_mejl, adresa, fk_korisnik) values (5, 'abaggallay4@shareasale.com', 24);
insert into mejl (id_mejl, adresa, fk_korisnik) values (6, 'rkilbee5@qq.com', 102);
insert into mejl (id_mejl, adresa, fk_korisnik) values (7, 'heverington6@blog.com', 80);
insert into mejl (id_mejl, adresa, fk_korisnik) values (8, 'njenkyn7@domainmarket.com', 128);
insert into mejl (id_mejl, adresa, fk_korisnik) values (9, 'csargint8@sphinn.com', 46);
insert into mejl (id_mejl, adresa, fk_korisnik) values (10, 'bmcelory9@people.com.cn', 101);
insert into mejl (id_mejl, adresa, fk_korisnik) values (11, 'hsommera@nationalgeographic.com', 73);
insert into mejl (id_mejl, adresa, fk_korisnik) values (12, 'jtarbetb@cafepress.com', 3);
insert into mejl (id_mejl, adresa, fk_korisnik) values (13, 'bmoubrayc@devhub.com', 11);
insert into mejl (id_mejl, adresa, fk_korisnik) values (14, 'emchand@unesco.org', 12);
insert into mejl (id_mejl, adresa, fk_korisnik) values (15, 'pkette@about.com', 116);
insert into mejl (id_mejl, adresa, fk_korisnik) values (16, 'cjovisf@state.gov', 110);
insert into mejl (id_mejl, adresa, fk_korisnik) values (17, 'cattrieg@yahoo.com', 42);
insert into mejl (id_mejl, adresa, fk_korisnik) values (18, 'sfritzh@oracle.com', 121);
insert into mejl (id_mejl, adresa, fk_korisnik) values (19, 'mmettricki@bluehost.com', 115);
insert into mejl (id_mejl, adresa, fk_korisnik) values (20, 'bheakeyj@addtoany.com', 71);
insert into mejl (id_mejl, adresa, fk_korisnik) values (21, 'esamettk@canalblog.com', 20);
insert into mejl (id_mejl, adresa, fk_korisnik) values (22, 'dcastagnel@xrea.com', 63);
insert into mejl (id_mejl, adresa, fk_korisnik) values (23, 'cobrianm@diigo.com', 83);
insert into mejl (id_mejl, adresa, fk_korisnik) values (24, 'amanionn@bloomberg.com', 118);
insert into mejl (id_mejl, adresa, fk_korisnik) values (25, 'kmacklino@mozilla.com', 104);
insert into mejl (id_mejl, adresa, fk_korisnik) values (26, 'msteelsp@freewebs.com', 18);
insert into mejl (id_mejl, adresa, fk_korisnik) values (27, 'swhitloeq@dagondesign.com', 54);
insert into mejl (id_mejl, adresa, fk_korisnik) values (28, 'efaganr@a8.net', 138);
insert into mejl (id_mejl, adresa, fk_korisnik) values (29, 'whendonsons@usnews.com', 64);
insert into mejl (id_mejl, adresa, fk_korisnik) values (30, 'asyddont@opera.com', 94);
insert into mejl (id_mejl, adresa, fk_korisnik) values (31, 'eminerou@usgs.gov', 28);
insert into mejl (id_mejl, adresa, fk_korisnik) values (32, 'hquincev@storify.com', 23);
insert into mejl (id_mejl, adresa, fk_korisnik) values (33, 'cmoynew@reference.com', 28);
insert into mejl (id_mejl, adresa, fk_korisnik) values (34, 'djohnssonx@cnn.com', 22);
insert into mejl (id_mejl, adresa, fk_korisnik) values (35, 'mprazery@berkeley.edu', 134);
insert into mejl (id_mejl, adresa, fk_korisnik) values (36, 'hdarrigoez@stanford.edu', 95);
insert into mejl (id_mejl, adresa, fk_korisnik) values (37, 'tmouton10@ow.ly', 111);
insert into mejl (id_mejl, adresa, fk_korisnik) values (38, 'ajessard11@google.nl', 30);
insert into mejl (id_mejl, adresa, fk_korisnik) values (39, 'cleyes12@hp.com', 32);
insert into mejl (id_mejl, adresa, fk_korisnik) values (40, 'cselwyn13@163.com', 56);
insert into mejl (id_mejl, adresa, fk_korisnik) values (41, 'eseaborn14@plala.or.jp', 148);
insert into mejl (id_mejl, adresa, fk_korisnik) values (42, 'hitter15@cisco.com', 142);
insert into mejl (id_mejl, adresa, fk_korisnik) values (43, 'cmorlon16@fema.gov', 117);
insert into mejl (id_mejl, adresa, fk_korisnik) values (44, 'hlucien17@last.fm', 14);
insert into mejl (id_mejl, adresa, fk_korisnik) values (45, 'pmoy18@ask.com', 115);
insert into mejl (id_mejl, adresa, fk_korisnik) values (46, 'elindsell19@nymag.com', 44);
insert into mejl (id_mejl, adresa, fk_korisnik) values (47, 'cblazej1a@usnews.com', 106);
insert into mejl (id_mejl, adresa, fk_korisnik) values (48, 'jpratley1b@sun.com', 5);
insert into mejl (id_mejl, adresa, fk_korisnik) values (49, 'lscrivener1c@hugedomains.com', 104);
insert into mejl (id_mejl, adresa, fk_korisnik) values (50, 'vfearnley1d@columbia.edu', 133);
insert into mejl (id_mejl, adresa, fk_korisnik) values (51, 'nbarlass1e@hhs.gov', 1);
insert into mejl (id_mejl, adresa, fk_korisnik) values (52, 'iosheilds1f@latimes.com', 73);
insert into mejl (id_mejl, adresa, fk_korisnik) values (53, 'jshreeve1g@soundcloud.com', 71);
insert into mejl (id_mejl, adresa, fk_korisnik) values (54, 'nlahiff1h@wisc.edu', 18);
insert into mejl (id_mejl, adresa, fk_korisnik) values (55, 'klondors1i@csmonitor.com', 46);
insert into mejl (id_mejl, adresa, fk_korisnik) values (56, 'bmatushenko1j@simplemachines.org', 51);
insert into mejl (id_mejl, adresa, fk_korisnik) values (57, 'nrisborough1k@reuters.com', 37);
insert into mejl (id_mejl, adresa, fk_korisnik) values (58, 'hdonati1l@sohu.com', 69);
insert into mejl (id_mejl, adresa, fk_korisnik) values (59, 'junderwood1m@liveinternet.ru', 70);
insert into mejl (id_mejl, adresa, fk_korisnik) values (60, 'hleebetter1n@craigslist.org', 5);
insert into mejl (id_mejl, adresa, fk_korisnik) values (61, 'sswanston1o@theguardian.com', 84);
insert into mejl (id_mejl, adresa, fk_korisnik) values (62, 'agogerty1p@samsung.com', 64);
insert into mejl (id_mejl, adresa, fk_korisnik) values (63, 'lsalisbury1q@taobao.com', 111);
insert into mejl (id_mejl, adresa, fk_korisnik) values (64, 'vriccardelli1r@hubpages.com', 122);
insert into mejl (id_mejl, adresa, fk_korisnik) values (65, 'vpaulsen1s@reverbnation.com', 99);
insert into mejl (id_mejl, adresa, fk_korisnik) values (66, 'lrottgers1t@ox.ac.uk', 6);
insert into mejl (id_mejl, adresa, fk_korisnik) values (67, 'adehm1u@aol.com', 56);
insert into mejl (id_mejl, adresa, fk_korisnik) values (68, 'lhaverty1v@ed.gov', 144);
insert into mejl (id_mejl, adresa, fk_korisnik) values (69, 'mgrimsdell1w@comsenz.com', 132);
insert into mejl (id_mejl, adresa, fk_korisnik) values (70, 'lmilroy1x@cmu.edu', 73);
insert into mejl (id_mejl, adresa, fk_korisnik) values (71, 'aaggus1y@google.cn', 7);
insert into mejl (id_mejl, adresa, fk_korisnik) values (72, 'hgodin1z@sciencedaily.com', 20);
insert into mejl (id_mejl, adresa, fk_korisnik) values (73, 'jkestle20@opensource.org', 137);
insert into mejl (id_mejl, adresa, fk_korisnik) values (74, 'mclarycott21@intel.com', 1);
insert into mejl (id_mejl, adresa, fk_korisnik) values (75, 'hhenden22@phoca.cz', 18);
insert into mejl (id_mejl, adresa, fk_korisnik) values (76, 'brosenhaus23@nbcnews.com', 51);
insert into mejl (id_mejl, adresa, fk_korisnik) values (77, 'amanus24@cocolog-nifty.com', 44);
insert into mejl (id_mejl, adresa, fk_korisnik) values (78, 'msmythin25@jimdo.com', 40);
insert into mejl (id_mejl, adresa, fk_korisnik) values (79, 'mpayler26@economist.com', 117);
insert into mejl (id_mejl, adresa, fk_korisnik) values (80, 'hmathis27@google.com.au', 147);
insert into mejl (id_mejl, adresa, fk_korisnik) values (81, 'hjedrzaszkiewicz28@bluehost.com', 19);
insert into mejl (id_mejl, adresa, fk_korisnik) values (82, 'wwardrope29@vimeo.com', 10);
insert into mejl (id_mejl, adresa, fk_korisnik) values (83, 'xsarson2a@usatoday.com', 38);
insert into mejl (id_mejl, adresa, fk_korisnik) values (84, 'crozet2b@weebly.com', 68);
insert into mejl (id_mejl, adresa, fk_korisnik) values (85, 'naimer2c@adobe.com', 49);
insert into mejl (id_mejl, adresa, fk_korisnik) values (86, 'sseeley2d@barnesandnoble.com', 82);
insert into mejl (id_mejl, adresa, fk_korisnik) values (87, 'jdeath2e@blog.com', 59);
insert into mejl (id_mejl, adresa, fk_korisnik) values (88, 'mtrevarthen2f@bloglovin.com', 45);
insert into mejl (id_mejl, adresa, fk_korisnik) values (89, 'ttharme2g@symantec.com', 31);
insert into mejl (id_mejl, adresa, fk_korisnik) values (90, 'awhiteside2h@zdnet.com', 67);
insert into mejl (id_mejl, adresa, fk_korisnik) values (91, 'vstallen2i@wikipedia.org', 141);
insert into mejl (id_mejl, adresa, fk_korisnik) values (92, 'xchetwynd2j@ft.com', 48);
insert into mejl (id_mejl, adresa, fk_korisnik) values (93, 'jcarlin2k@sogou.com', 101);
insert into mejl (id_mejl, adresa, fk_korisnik) values (94, 'lbonas2l@deliciousdays.com', 119);
insert into mejl (id_mejl, adresa, fk_korisnik) values (95, 'olowres2m@de.vu', 39);
insert into mejl (id_mejl, adresa, fk_korisnik) values (96, 'hedmund2n@yahoo.co.jp', 17);
insert into mejl (id_mejl, adresa, fk_korisnik) values (97, 'cpernell2o@ycombinator.com', 100);
insert into mejl (id_mejl, adresa, fk_korisnik) values (98, 'djantzen2p@github.io', 48);
insert into mejl (id_mejl, adresa, fk_korisnik) values (99, 'hmanoch2q@wikimedia.org', 94);
insert into mejl (id_mejl, adresa, fk_korisnik) values (100, 'dbrudenell2r@posterous.com', 18);
insert into mejl (id_mejl, adresa, fk_korisnik) values (101, 'egilstin2s@mit.edu', 96);
insert into mejl (id_mejl, adresa, fk_korisnik) values (102, 'ttennick2t@tmall.com', 42);
insert into mejl (id_mejl, adresa, fk_korisnik) values (103, 'ndrynan2u@blinklist.com', 78);
insert into mejl (id_mejl, adresa, fk_korisnik) values (104, 'aproughten2v@dot.gov', 86);
insert into mejl (id_mejl, adresa, fk_korisnik) values (105, 'ccheetam2w@webs.com', 75);
insert into mejl (id_mejl, adresa, fk_korisnik) values (106, 'jwaplinton2x@princeton.edu', 80);
insert into mejl (id_mejl, adresa, fk_korisnik) values (107, 'soldroyd2y@cornell.edu', 61);
insert into mejl (id_mejl, adresa, fk_korisnik) values (108, 'lminet2z@seesaa.net', 26);
insert into mejl (id_mejl, adresa, fk_korisnik) values (109, 'fbraitling30@ucla.edu', 59);
insert into mejl (id_mejl, adresa, fk_korisnik) values (110, 'yorudden31@prnewswire.com', 35);
insert into mejl (id_mejl, adresa, fk_korisnik) values (111, 'alongega32@reference.com', 140);
insert into mejl (id_mejl, adresa, fk_korisnik) values (112, 'mkoppelmann33@state.gov', 127);
insert into mejl (id_mejl, adresa, fk_korisnik) values (113, 'mdibiaggi34@blogger.com', 119);
insert into mejl (id_mejl, adresa, fk_korisnik) values (114, 'lswalwel35@japanpost.jp', 95);
insert into mejl (id_mejl, adresa, fk_korisnik) values (115, 'tcruz36@thetimes.co.uk', 121);
insert into mejl (id_mejl, adresa, fk_korisnik) values (116, 'lshingles37@bigcartel.com', 38);
insert into mejl (id_mejl, adresa, fk_korisnik) values (117, 'zcossentine38@surveymonkey.com', 38);
insert into mejl (id_mejl, adresa, fk_korisnik) values (118, 'edebiasi39@washingtonpost.com', 148);
insert into mejl (id_mejl, adresa, fk_korisnik) values (119, 'jyong3a@engadget.com', 123);
insert into mejl (id_mejl, adresa, fk_korisnik) values (120, 'jjestico3b@aboutads.info', 84);
insert into mejl (id_mejl, adresa, fk_korisnik) values (121, 'ngoaley3c@umn.edu', 127);
insert into mejl (id_mejl, adresa, fk_korisnik) values (122, 'lshawyer3d@hatena.ne.jp', 16);
insert into mejl (id_mejl, adresa, fk_korisnik) values (123, 'feddie3e@oakley.com', 80);
insert into mejl (id_mejl, adresa, fk_korisnik) values (124, 'aspellward3f@topsy.com', 111);
insert into mejl (id_mejl, adresa, fk_korisnik) values (125, 'psircomb3g@opera.com', 50);
insert into mejl (id_mejl, adresa, fk_korisnik) values (126, 'mvardie3h@tiny.cc', 150);
insert into mejl (id_mejl, adresa, fk_korisnik) values (127, 'adumini3i@people.com.cn', 74);
insert into mejl (id_mejl, adresa, fk_korisnik) values (128, 'nschenkel3j@instagram.com', 20);
insert into mejl (id_mejl, adresa, fk_korisnik) values (129, 'udresche3k@google.co.uk', 2);
insert into mejl (id_mejl, adresa, fk_korisnik) values (130, 'pcrann3l@pinterest.com', 149);
insert into mejl (id_mejl, adresa, fk_korisnik) values (131, 'fbook3m@xinhuanet.com', 145);
insert into mejl (id_mejl, adresa, fk_korisnik) values (132, 'bstickles3n@photobucket.com', 23);
insert into mejl (id_mejl, adresa, fk_korisnik) values (133, 'gswindlehurst3o@cdbaby.com', 10);
insert into mejl (id_mejl, adresa, fk_korisnik) values (134, 'gdoughton3p@chron.com', 45);
insert into mejl (id_mejl, adresa, fk_korisnik) values (135, 'adanbye3q@usnews.com', 144);
insert into mejl (id_mejl, adresa, fk_korisnik) values (136, 'kdulanty3r@eepurl.com', 15);
insert into mejl (id_mejl, adresa, fk_korisnik) values (137, 'eminney3s@blinklist.com', 107);
insert into mejl (id_mejl, adresa, fk_korisnik) values (138, 'jbartunek3t@blogtalkradio.com', 76);
insert into mejl (id_mejl, adresa, fk_korisnik) values (139, 'kbahike3u@xinhuanet.com', 119);
insert into mejl (id_mejl, adresa, fk_korisnik) values (140, 'lovens3v@telegraph.co.uk', 127);
insert into mejl (id_mejl, adresa, fk_korisnik) values (141, 'dshama3w@deviantart.com', 55);
insert into mejl (id_mejl, adresa, fk_korisnik) values (142, 'msmaling3x@nba.com', 91);
insert into mejl (id_mejl, adresa, fk_korisnik) values (143, 'fslainey3y@cargocollective.com', 95);
insert into mejl (id_mejl, adresa, fk_korisnik) values (144, 'aquinlan3z@exblog.jp', 107);
insert into mejl (id_mejl, adresa, fk_korisnik) values (145, 'vkirkbride40@va.gov', 6);
insert into mejl (id_mejl, adresa, fk_korisnik) values (146, 'frimour41@multiply.com', 69);
insert into mejl (id_mejl, adresa, fk_korisnik) values (147, 'oleverage42@marriott.com', 109);
insert into mejl (id_mejl, adresa, fk_korisnik) values (148, 'bgager43@infoseek.co.jp', 125);
insert into mejl (id_mejl, adresa, fk_korisnik) values (149, 'jianno44@xrea.com', 127);
insert into mejl (id_mejl, adresa, fk_korisnik) values (150, 'jloiterton45@mozilla.com', 3);



create table telefon (
	id_telefon INT,
	broj VARCHAR(50),
	fk_korisnik INT
);
insert into telefon (id_telefon, broj, fk_korisnik) values (1, '(798) 3972716', 133);
insert into telefon (id_telefon, broj, fk_korisnik) values (2, '(665) 5472739', 24);
insert into telefon (id_telefon, broj, fk_korisnik) values (3, '(368) 3970076', 69);
insert into telefon (id_telefon, broj, fk_korisnik) values (4, '(460) 7109356', 9);
insert into telefon (id_telefon, broj, fk_korisnik) values (5, '(737) 9747295', 26);
insert into telefon (id_telefon, broj, fk_korisnik) values (6, '(717) 5526955', 36);
insert into telefon (id_telefon, broj, fk_korisnik) values (7, '(831) 6440480', 102);
insert into telefon (id_telefon, broj, fk_korisnik) values (8, '(699) 8134687', 39);
insert into telefon (id_telefon, broj, fk_korisnik) values (9, '(320) 4453451', 57);
insert into telefon (id_telefon, broj, fk_korisnik) values (10, '(926) 7776770', 45);
insert into telefon (id_telefon, broj, fk_korisnik) values (11, '(737) 4805016', 96);
insert into telefon (id_telefon, broj, fk_korisnik) values (12, '(553) 8742096', 111);
insert into telefon (id_telefon, broj, fk_korisnik) values (13, '(367) 3415969', 21);
insert into telefon (id_telefon, broj, fk_korisnik) values (14, '(455) 9172015', 118);
insert into telefon (id_telefon, broj, fk_korisnik) values (15, '(660) 2235863', 127);
insert into telefon (id_telefon, broj, fk_korisnik) values (16, '(138) 3787523', 91);
insert into telefon (id_telefon, broj, fk_korisnik) values (17, '(633) 9942353', 86);
insert into telefon (id_telefon, broj, fk_korisnik) values (18, '(722) 3904169', 131);
insert into telefon (id_telefon, broj, fk_korisnik) values (19, '(315) 8533824', 132);
insert into telefon (id_telefon, broj, fk_korisnik) values (20, '(147) 5691760', 137);
insert into telefon (id_telefon, broj, fk_korisnik) values (21, '(550) 8841972', 55);
insert into telefon (id_telefon, broj, fk_korisnik) values (22, '(187) 6508172', 51);
insert into telefon (id_telefon, broj, fk_korisnik) values (23, '(149) 9468911', 118);
insert into telefon (id_telefon, broj, fk_korisnik) values (24, '(701) 7228673', 52);
insert into telefon (id_telefon, broj, fk_korisnik) values (25, '(117) 1877421', 116);
insert into telefon (id_telefon, broj, fk_korisnik) values (26, '(225) 4354659', 142);
insert into telefon (id_telefon, broj, fk_korisnik) values (27, '(754) 4278173', 66);
insert into telefon (id_telefon, broj, fk_korisnik) values (28, '(275) 1895181', 15);
insert into telefon (id_telefon, broj, fk_korisnik) values (29, '(859) 5502966', 53);
insert into telefon (id_telefon, broj, fk_korisnik) values (30, '(129) 2201183', 116);
insert into telefon (id_telefon, broj, fk_korisnik) values (31, '(795) 8947897', 131);
insert into telefon (id_telefon, broj, fk_korisnik) values (32, '(311) 9842927', 24);
insert into telefon (id_telefon, broj, fk_korisnik) values (33, '(943) 4474255', 27);
insert into telefon (id_telefon, broj, fk_korisnik) values (34, '(824) 2132035', 66);
insert into telefon (id_telefon, broj, fk_korisnik) values (35, '(549) 4978893', 31);
insert into telefon (id_telefon, broj, fk_korisnik) values (36, '(869) 9550046', 85);
insert into telefon (id_telefon, broj, fk_korisnik) values (37, '(723) 8983193', 77);
insert into telefon (id_telefon, broj, fk_korisnik) values (38, '(675) 2865113', 54);
insert into telefon (id_telefon, broj, fk_korisnik) values (39, '(753) 1401096', 64);
insert into telefon (id_telefon, broj, fk_korisnik) values (40, '(303) 4228055', 112);
insert into telefon (id_telefon, broj, fk_korisnik) values (41, '(568) 5883113', 32);
insert into telefon (id_telefon, broj, fk_korisnik) values (42, '(201) 7983787', 126);
insert into telefon (id_telefon, broj, fk_korisnik) values (43, '(713) 6128390', 76);
insert into telefon (id_telefon, broj, fk_korisnik) values (44, '(402) 8622434', 87);
insert into telefon (id_telefon, broj, fk_korisnik) values (45, '(253) 7679292', 108);
insert into telefon (id_telefon, broj, fk_korisnik) values (46, '(945) 7687072', 53);
insert into telefon (id_telefon, broj, fk_korisnik) values (47, '(207) 2736488', 65);
insert into telefon (id_telefon, broj, fk_korisnik) values (48, '(128) 7005803', 21);
insert into telefon (id_telefon, broj, fk_korisnik) values (49, '(798) 6366473', 44);
insert into telefon (id_telefon, broj, fk_korisnik) values (50, '(297) 6892960', 60);
insert into telefon (id_telefon, broj, fk_korisnik) values (51, '(221) 1484715', 4);
insert into telefon (id_telefon, broj, fk_korisnik) values (52, '(272) 3339087', 79);
insert into telefon (id_telefon, broj, fk_korisnik) values (53, '(344) 6581303', 33);
insert into telefon (id_telefon, broj, fk_korisnik) values (54, '(869) 3999739', 24);
insert into telefon (id_telefon, broj, fk_korisnik) values (55, '(489) 3403356', 134);
insert into telefon (id_telefon, broj, fk_korisnik) values (56, '(310) 6711130', 50);
insert into telefon (id_telefon, broj, fk_korisnik) values (57, '(328) 6424634', 99);
insert into telefon (id_telefon, broj, fk_korisnik) values (58, '(109) 2018831', 103);
insert into telefon (id_telefon, broj, fk_korisnik) values (59, '(386) 5340738', 87);
insert into telefon (id_telefon, broj, fk_korisnik) values (60, '(516) 8548822', 82);
insert into telefon (id_telefon, broj, fk_korisnik) values (61, '(538) 7902493', 95);
insert into telefon (id_telefon, broj, fk_korisnik) values (62, '(327) 3647949', 126);
insert into telefon (id_telefon, broj, fk_korisnik) values (63, '(379) 8516292', 79);
insert into telefon (id_telefon, broj, fk_korisnik) values (64, '(181) 8586911', 102);
insert into telefon (id_telefon, broj, fk_korisnik) values (65, '(954) 2031211', 38);
insert into telefon (id_telefon, broj, fk_korisnik) values (66, '(808) 8322935', 129);
insert into telefon (id_telefon, broj, fk_korisnik) values (67, '(556) 3126229', 9);
insert into telefon (id_telefon, broj, fk_korisnik) values (68, '(977) 4310628', 58);
insert into telefon (id_telefon, broj, fk_korisnik) values (69, '(770) 8666525', 81);
insert into telefon (id_telefon, broj, fk_korisnik) values (70, '(607) 9164001', 116);
insert into telefon (id_telefon, broj, fk_korisnik) values (71, '(490) 7422098', 47);
insert into telefon (id_telefon, broj, fk_korisnik) values (72, '(260) 1487125', 39);
insert into telefon (id_telefon, broj, fk_korisnik) values (73, '(447) 7391555', 52);
insert into telefon (id_telefon, broj, fk_korisnik) values (74, '(613) 2044977', 16);
insert into telefon (id_telefon, broj, fk_korisnik) values (75, '(843) 7645494', 27);
insert into telefon (id_telefon, broj, fk_korisnik) values (76, '(916) 4680732', 13);
insert into telefon (id_telefon, broj, fk_korisnik) values (77, '(729) 5136097', 41);
insert into telefon (id_telefon, broj, fk_korisnik) values (78, '(632) 6092715', 46);
insert into telefon (id_telefon, broj, fk_korisnik) values (79, '(148) 2560588', 109);
insert into telefon (id_telefon, broj, fk_korisnik) values (80, '(171) 2012246', 4);
insert into telefon (id_telefon, broj, fk_korisnik) values (81, '(224) 3682863', 128);
insert into telefon (id_telefon, broj, fk_korisnik) values (82, '(851) 5744570', 86);
insert into telefon (id_telefon, broj, fk_korisnik) values (83, '(260) 2678848', 115);
insert into telefon (id_telefon, broj, fk_korisnik) values (84, '(341) 5046049', 18);
insert into telefon (id_telefon, broj, fk_korisnik) values (85, '(901) 5617095', 40);
insert into telefon (id_telefon, broj, fk_korisnik) values (86, '(145) 6538922', 97);
insert into telefon (id_telefon, broj, fk_korisnik) values (87, '(218) 3886619', 113);
insert into telefon (id_telefon, broj, fk_korisnik) values (88, '(824) 5119390', 150);
insert into telefon (id_telefon, broj, fk_korisnik) values (89, '(570) 4452213', 95);
insert into telefon (id_telefon, broj, fk_korisnik) values (90, '(251) 6935461', 120);
insert into telefon (id_telefon, broj, fk_korisnik) values (91, '(764) 5691772', 33);
insert into telefon (id_telefon, broj, fk_korisnik) values (92, '(387) 7901950', 54);
insert into telefon (id_telefon, broj, fk_korisnik) values (93, '(601) 2003665', 145);
insert into telefon (id_telefon, broj, fk_korisnik) values (94, '(297) 9855404', 42);
insert into telefon (id_telefon, broj, fk_korisnik) values (95, '(796) 5045001', 129);
insert into telefon (id_telefon, broj, fk_korisnik) values (96, '(457) 3364284', 6);
insert into telefon (id_telefon, broj, fk_korisnik) values (97, '(723) 8541407', 58);
insert into telefon (id_telefon, broj, fk_korisnik) values (98, '(911) 3778914', 135);
insert into telefon (id_telefon, broj, fk_korisnik) values (99, '(837) 6061480', 5);
insert into telefon (id_telefon, broj, fk_korisnik) values (100, '(786) 2535837', 129);
insert into telefon (id_telefon, broj, fk_korisnik) values (101, '(710) 6967245', 15);
insert into telefon (id_telefon, broj, fk_korisnik) values (102, '(241) 2735304', 48);
insert into telefon (id_telefon, broj, fk_korisnik) values (103, '(505) 7215016', 139);
insert into telefon (id_telefon, broj, fk_korisnik) values (104, '(599) 2002850', 55);
insert into telefon (id_telefon, broj, fk_korisnik) values (105, '(494) 9426580', 23);
insert into telefon (id_telefon, broj, fk_korisnik) values (106, '(421) 2236372', 149);
insert into telefon (id_telefon, broj, fk_korisnik) values (107, '(120) 8016968', 88);
insert into telefon (id_telefon, broj, fk_korisnik) values (108, '(932) 8934519', 80);
insert into telefon (id_telefon, broj, fk_korisnik) values (109, '(408) 8130443', 44);
insert into telefon (id_telefon, broj, fk_korisnik) values (110, '(697) 7653856', 6);
insert into telefon (id_telefon, broj, fk_korisnik) values (111, '(949) 1833450', 8);
insert into telefon (id_telefon, broj, fk_korisnik) values (112, '(910) 8457072', 136);
insert into telefon (id_telefon, broj, fk_korisnik) values (113, '(255) 9532655', 111);
insert into telefon (id_telefon, broj, fk_korisnik) values (114, '(887) 7083385', 90);
insert into telefon (id_telefon, broj, fk_korisnik) values (115, '(464) 2787698', 41);
insert into telefon (id_telefon, broj, fk_korisnik) values (116, '(148) 2187606', 137);
insert into telefon (id_telefon, broj, fk_korisnik) values (117, '(387) 2081205', 37);
insert into telefon (id_telefon, broj, fk_korisnik) values (118, '(187) 6394744', 27);
insert into telefon (id_telefon, broj, fk_korisnik) values (119, '(592) 5109142', 140);
insert into telefon (id_telefon, broj, fk_korisnik) values (120, '(228) 5874253', 46);
insert into telefon (id_telefon, broj, fk_korisnik) values (121, '(307) 5718234', 18);
insert into telefon (id_telefon, broj, fk_korisnik) values (122, '(238) 2988065', 64);
insert into telefon (id_telefon, broj, fk_korisnik) values (123, '(680) 4810877', 52);
insert into telefon (id_telefon, broj, fk_korisnik) values (124, '(300) 7845664', 149);
insert into telefon (id_telefon, broj, fk_korisnik) values (125, '(429) 6750766', 39);
insert into telefon (id_telefon, broj, fk_korisnik) values (126, '(375) 8728374', 49);
insert into telefon (id_telefon, broj, fk_korisnik) values (127, '(695) 5526530', 135);
insert into telefon (id_telefon, broj, fk_korisnik) values (128, '(520) 1990378', 94);
insert into telefon (id_telefon, broj, fk_korisnik) values (129, '(285) 1744470', 51);
insert into telefon (id_telefon, broj, fk_korisnik) values (130, '(365) 1934670', 57);
insert into telefon (id_telefon, broj, fk_korisnik) values (131, '(445) 4258306', 61);
insert into telefon (id_telefon, broj, fk_korisnik) values (132, '(946) 2332981', 31);
insert into telefon (id_telefon, broj, fk_korisnik) values (133, '(612) 8642671', 1);
insert into telefon (id_telefon, broj, fk_korisnik) values (134, '(371) 7913275', 67);
insert into telefon (id_telefon, broj, fk_korisnik) values (135, '(890) 4103243', 40);
insert into telefon (id_telefon, broj, fk_korisnik) values (136, '(505) 2696932', 6);
insert into telefon (id_telefon, broj, fk_korisnik) values (137, '(933) 8758816', 24);
insert into telefon (id_telefon, broj, fk_korisnik) values (138, '(844) 6970293', 82);
insert into telefon (id_telefon, broj, fk_korisnik) values (139, '(406) 6169409', 99);
insert into telefon (id_telefon, broj, fk_korisnik) values (140, '(683) 5646843', 133);
insert into telefon (id_telefon, broj, fk_korisnik) values (141, '(931) 2570784', 35);
insert into telefon (id_telefon, broj, fk_korisnik) values (142, '(906) 1608959', 136);
insert into telefon (id_telefon, broj, fk_korisnik) values (143, '(735) 1383922', 7);
insert into telefon (id_telefon, broj, fk_korisnik) values (144, '(190) 2553023', 115);
insert into telefon (id_telefon, broj, fk_korisnik) values (145, '(179) 7935506', 18);
insert into telefon (id_telefon, broj, fk_korisnik) values (146, '(324) 8077907', 121);
insert into telefon (id_telefon, broj, fk_korisnik) values (147, '(390) 3725282', 90);
insert into telefon (id_telefon, broj, fk_korisnik) values (148, '(763) 5112055', 97);
insert into telefon (id_telefon, broj, fk_korisnik) values (149, '(442) 8531683', 49);
insert into telefon (id_telefon, broj, fk_korisnik) values (150, '(112) 5412483', 96);

